{
"站名": "NO视频",
"主页url": "https://www.novipnoad.com",
"请求头": "",
"头部集合": "User-Agent$Mozilla/5.0 (iPhone; CPU iPhone OS 13_2_3 like Mac OS X) AppleWebKit/605.1.15 (KHTML, like Gecko) Version/13.0.3 Mobile/15E148 Safari/604.1#Referer$https://www.novipnoad.com",
"热门推荐": "1",
"起始页": "1",
"直接播放": "0",
"倒序播放": "0",
"图片代理": "0",
"二次截取": "",
"数组": "class=item-thumbnail&&item-info hidden",
"图片": "data-original=&& alt>",
"标题": "title=&&>",
"副标题": "",
"链接": "href=&& target=",
"链接前缀": "",

"线路二次截取": "",
"线路数组": "",
"线路标题": "",
"线路链接": "",

"状态": "Category: &&</div>",
"导演": "导演:&&<br>",
"主演": "Tags: &&</div>",
"简介": "<p>&&</p>[替换:\\#*;>>空]",

"播放二次截取": "",
"播放数组": "<body&&</body>[替换:pkey:>></i>本集</a>#{vid:\">>{vid:\"\\&url=#play(\'>>{vid:\"\\&url=#\',this.innerHTML)>>空#</a><a>></a>}]",
"列表二次截取": "",
"播放列表": "{vi&&}",
"播放标题": "</i>&&</a>",
"播放链接": "d:\"&&\"",
"播放链接前缀": "pkey:&&\"}[替换:\">>https://player.novipnoad.com/v1/?pkey=]",
"播放链接后缀": "og:url\" content=\"&&\"[替换:https://www.novipnoad.com>>\\&ref=]",
"免嗅": "0",
"嗅探词":".m3u8#sharepoint.com#ctyunapi.cn#mp4",
"过滤词":"baidu.com",
"播放请求头": "User-Agent$Mozilla/5.0 (iPhone; CPU iPhone OS 13_2_3 like Mac OS X) AppleWebKit/605.1.15 (KHTML, like Gecko) Version/13.0.3 Mobile/15E148 Safari/604.1#Referer$https://www.novipnoad.com",

"搜索url": "https://www.novipnoad.com/?s={wd}",
"搜索模式": "1",
"搜索二次截取": "",
"搜索数组": "class=item-thumbnail&&</div>",
"搜索图片": "data-original=&& alt>",
"搜索标题": "title=&&>",
"搜索链接": "href=&& title=",
"搜索链接前缀": "",

"分类url": "https://www.novipnoad.com/{cateId}/page/{catePg}/",
"分类": "剧集$tv#港剧$tv/hongkong#台剧$tv/taiwan#欧美剧$tv/western#韩剧$tv/korea#日剧$tv/japan#泰剧$tv/thailand#土耳其剧$tv/turkey#电影$movie#动画$anime#综艺$shows#音乐$music#短片$short#其他$other",
"分类二次截取": "",
"分类数组": "",
"分类标题": "",
"分类ID": "",
"类型": "",
"剧情": "",

"地区": "",

"年份": "",

"排序": "",

"筛选": ""
}