{
"作者":"张弘",
"站名":"七小时影院",
"热门推荐": "1",
"数组": "class=\"myui-vodlist__box&&</div>",
"图片":"data-original=\"&&\"",
"标题":"title=\"&&\"",
"副标题": "pic-text text-right\">&&</span>",
"链接": "href=\"/vod/&&.html\"",
"链接前缀": "https://www.qxsyy.com/play/",
"链接后缀": "-1-1.html",
"线路数组":"playlist&&</li>",
"线路标题":">&&</a>",
"状态":"地区：&&</p>",
"导演":"导演：&&</p>",
"主演":"主演：&&</p>",
"简介": "content\">&&</p>",
"播放数组":"class=\"myui-content__list&&</ul>",
"播放列表":"<a&&/a>",
"播放标题":">&&</a>",
"播放链接":"href=\"&&\"",
"搜索url":"https://www.qxsyy.com/index.php/ajax/suggest?mid=1&wd={wd}",
"搜索后缀":"/play/",
"搜索链接后缀":"-1-1.html",
"免嗅": "1",
"分类url": "https://www.qxsyy.com/show/{cateId}-{area}-{by}-{class}-----{catePg}---{year}.html",
"剧情": "剧情$剧情#喜剧$喜剧#动作$动作#爱情$爱情#科幻$科幻#动画$动画#悬疑$悬疑#惊悚$惊悚#恐怖$恐怖#犯罪$犯罪#同性$同性#音乐$音乐#歌舞$歌舞#传记$传记#历史$历史#战争$战争#西部$西部#奇幻$奇幻#冒险$冒险#灾难$灾难#武侠$武侠",
"地区": "中国大陆$中国大陆#美国$美国#中国香港$中国香港#中国台湾$中国台湾#日本$日本#韩国$韩国#英国$英国#法国$法国#德国$德国#意大利$意大利#西班牙$西班牙#印度$印度#泰国$泰国#俄罗斯$俄罗斯#伊朗$伊朗#加拿大$加拿大#澳大利亚$澳大利亚",
"年份": "1990-2022",
"筛选": "1"
}