{
  "作者": "菜妮丝https://cainisi.cf",
  "站名": "乐猪TV",
  "主页url": "http://www.lezhutv.com",
  "倒序播放": "1",
  
  "分类": "电影&连续剧&动漫&综艺&韩剧&美剧",
  "分类值": "1&2&4&3&14&15",
  
  "分类url": "http://www.lezhutv.com/type/{cateId}-{catePg}.html",
  
  "副标题": "<span>&&</span>",
  
  "搜索模式": "1",
  "搜索url": "/index.php?m=vod-search;post;wd={wd}",
  "搜索数组": "vbox\">&&</li>",
  "搜索图片": "data-original=\"&&\"",
  "搜索标题": "title=\"&&\"",
  "搜索副标题": "<span>&&</span>",
  "搜索链接": "href=\"&&\"",
  
  "导演": "导演：&&</p>",
  "主演": "主演：&&</p>",
  "简介": "tbox_js\">&&</div>",
  
  "线路数组": "icon-pin\">&&/h3>[替换:1.在线视频 (支持手机)>>播放列表<序号>]",
  "线路标题": "</i>&&<",
  
  "播放数组": "list_block show\">&&</ul>"
}