{
    "规则名": "188影视",
    "规则作者": "香雅情",
    "请求头参数": "User-Agent$MOBILE_UA#Referer$WebView",
    "网页编码格式": "UTF-8",
    "图片是否需要代理": "0",
    "是否开启获取首页数据": "1",
    "首页推荐链接": "https://188kan.com/label-new.html",
    "首页列表数组规则": ".module-items",
    "首页片单列表数组规则": ".module-item",
    "首页片单是否Jsoup写法": "1",
    "分类起始页码": "1",
    "分类链接": "https://188kan.com/vod-show-area-{area}-by-{by}-id-{cateId}-lang-{lang}-year-{year}-page-{catePg}.html",
    "分类名称": "电影&电视剧&综艺&动漫&纪录片",
    "分类名称替换词": "1&2&3&4&5",
    "筛选数据": "ext",
    "筛选子分类名称": "动作片&喜剧片&爱情片&恐怖片&犯罪片&科幻片&惊悚片&战争片&悬疑片&灾难片&谍战片&冒险片&剧情片&武侠片&奇幻片&伦理片&动画片&历史片&传记片&歌舞片||国产剧&港台剧&日韩剧&欧美剧&海外剧&泰国剧&其他剧||大陆综艺&港台综艺&日韩综艺&其他综艺||国产动漫&日韩动漫&欧美动漫",
    "筛选子分类替换词": "6&7&8&10&21&9&32&12&27&33&34&28&11&45&17&20&22&40&39&38||13&14&15&16&35&41&36||23&24&25&26||42&43&44",
    "筛选类型名称": "",
    "筛选类型替换词": "*",
    "筛选地区名称": "大陆&香港&台湾&美国&法国&英国&日本&韩国&德国&泰国&印度&意大利&西班牙&加拿大&其他||内地&韩国&香港&台湾&日本&美国&泰国&英国&新加坡&其他||内地&港台&日韩&欧美||国产&日本&欧美&其他",
    "筛选地区替换词": "*",
    "筛选年份名称": "2022&2021&2020&2019&2018&2017&2016&2015&2014&2013&2012&2011&2010",
    "筛选年份替换词": "*",
    "筛选语言名称": "国语&英语&粤语&闽南语&韩语&日语&法语&德语&其它||国语&英语&粤语&闽南语&韩语&日语&其它||国语&英语&粤语&闽南语&韩语&日语&其它||国语&英语&粤语&闽南语&韩语&日语&其它",
    "筛选语言替换词": "*",
    "筛选排序名称": "时间排序&人气排序&评分排序",
    "筛选排序替换词": "time&hits&score",
    "分类截取模式": "1",
    "分类列表数组规则": "body&&.module-item",
    "分类片单是否Jsoup写法": "1",
    "分类片单标题": "a&&title",
    "分类片单链接": "a&&href",
    "分类片单图片": ".lazyload&&data-original",
    "分类片单副标题": ".module-item-note&&Text",
    "分类片单链接加前缀": "https://188kan.com",
    "分类片单链接加后缀": "",
    "搜索请求头参数": "User-Agent$MOBILE_UA",
    "搜索链接": "https://188kan.com/vod-search-page-1-wd-{wd}.html",
    "POST请求数据": "",
    "搜索截取模式": "1",
    "搜索列表数组规则": "body&&.module-item",
    "搜索片单是否Jsoup写法": "1",
    "搜索片单图片": ".lazyload&&data-original",
    "搜索片单标题": ".module-card-item-title&&Text",
    "搜索片单链接": "a&&href",
    "搜索片单副标题": ".module-item-note&&Text",
    "搜索片单链接加前缀": "https://188kan.com",
    "搜索片单链接加后缀": "",
    "链接是否直接播放": "0",
    "直接播放链接加前缀": "",
    "直接播放链接加后缀": "#isVideo=true#",
    "直接播放直链视频请求头": "",
    "详情是否Jsoup写法": "0",
    "类型详情": "",
    "年代详情": "",
    "地区详情": "",
    "演员详情": "主演：</span>&&</div>",
    "简介详情": "introduction\">&&</p>",
    "线路列表数组规则": "#y-playList&&.module-tab-item",
    "线路标题": "Text",
    "播放列表数组规则": "body&&.module-play-list-content",
    "选集列表数组规则": "a",
    "选集标题链接是否Jsoup写法": "1",
    "选集标题": "a&&Text",
    "选集链接": "a&&href",
    "是否反转选集序列": "0",
    "选集链接加前缀": "https://188kan.com",
    "选集链接加后缀": "",
    "分析MacPlayer": "2",
    "是否开启手动嗅探": "0",
    "手动嗅探视频链接关键词": ".mp4#.m3u8#.flv#video/tos",
    "手动嗅探视频链接过滤词": ".html#=http"
}