{
    "规则名": "https://www.23wm.net/vodshow/id/1/page/2.html",
    "规则作者": "sm",
    "请求头参数": "电脑",
    "网页编码格式": "UTF-8",
    "图片是否需要代理": "0",
    "是否开启获取首页数据": "1",
    "首页推荐链接": "https://www.23wm.net",
    "首页列表数组规则": "body&&.pack-packcover",
    "首页片单列表数组规则": "a",
    "首页片单是否Jsoup写法": "1",
    "分类起始页码": "1",
    "分类链接": "https://www.23wm.net/vodshow/area/{area}/class/{class}/id/{cateId}/page/{catePg}/yeay/{year}.html",
    "分类名称": "电影&剧集&综艺&动漫&纪录片",
    "分类名称替换词": "1&2&3&4&20",
    //"筛选数据": {},
    "筛选数据": "ext",
    //{cateId}
    "筛选子分类名称": "喜剧片&爱情片&科幻片&恐怖片&剧情片&战争片&动作片&奇幻片&犯罪片&悬疑片&冒险片&惊悚片&其他片||国产剧&港台剧&日韩剧&欧美剧&泰国剧&哔哩 哔哩&海外剧&其他剧||空||空||空",
    "筛选子分类替换词": "7&8&9&10&11&12&6&52&53&58&59&64&63||13&14&15&16&25&39&51&62||空||空||空",
    //{class}
    "筛选类型名称": "空||空||选秀&情感&访谈&播报&旅游&音乐&美食&纪实&曲艺&生活&游戏互动&财经&求职||国漫&日漫&经典&治愈&战斗&魔幻&幻想&推理&冒险&搞笑||历史&军事&社会&自然&人文&罪案&科技&美食",
    "筛选类型替换词": "*",
    //{area}
    "筛选地区名称": "大陆&香港&台湾&美国&法国&英国&日本&韩国&德国&泰国&印度&意大利&西班牙&加拿大&其他||内地&韩国&香港&台湾&日本&美国&泰国&英国&新加坡&其他||内地&港台&日韩&欧美||国产&日本&欧美&其他||中国&香港&台湾&美国&日本&德国&法国&欧洲&非洲&韩国",
    //{year}
    "筛选年份名称": "",
    "筛选年份替换词": "*",
    //{lang}
    "筛选语言名称": "",
    "筛选语言替换词": "*",
    //{by}
    "筛选排序名称": "时间&人气&评分",
    "筛选排序替换词": "time&hits&score",
    "分类截取模式": "1",
    "分类列表数组规则": "body&&.pack-packcover",
    "分类片单是否Jsoup写法": "1",
    "分类片单标题": "a&&title",
    "分类片单链接": "a&&href",
    "分类片单图片": ".eclazy&&data-original",
    "分类片单副标题": ".pack-prb&&Text",
    "分类片单链接加前缀": "https://www.23wm.net",
    "分类片单链接加后缀": "",
    "搜索请求头参数": "电脑",
    "搜索链接": "https://www.23wm.net/index.php/ajax/suggest.html?mid=1&wd={wd}",
    "POST请求数据": "",
    "搜索截取模式": "0",
    "搜索列表数组规则": "list",
    "搜索片单是否Jsoup写法": "1",
    "搜索片单图片": "pic",
    "搜索片单标题": "name",
    "搜索片单链接": "id",
    "搜索片单副标题": "",
    "搜索片单链接加前缀": "https://www.23wm.net/voddetail/",
    "搜索片单链接加后缀": ".html",
    "链接是否直接播放": "0",
    "直接播放链接加前缀": "",
    "直接播放链接加后缀": "",
    "直接播放直链视频请求头": "",
    "详情是否Jsoup写法": "0",
    "类型详情": "",
    "年代详情": "",
    "地区详情": "",
    "演员详情": "演员：</span>&&</div>",
    "简介详情": "简介：</span>&&</div>",
    "线路列表数组规则": "body&&.channelname.swiper-slide",
    "线路标题": "a&&alt",
    "播放列表数组规则": "body&&ul.content_playlist.cf",
    "选集列表数组规则": "a",
    "选集标题链接是否Jsoup写法": "1",
    "选集标题": "a&&Text",
    "选集链接": "a&&href",
    "是否反转选集序列": "0",
    "选集链接加前缀": "https://www.23wm.net",
    "选集链接加后缀": "",
    "分析MacPlayer": "0",
    "是否开启手动嗅探": "0",
    "手动嗅探视频链接关键词": ".mp4#.m3u8#.flv",
    "手动嗅探视频链接过滤词": ".html#=http"
}

