{
    "规则名": "90影视网",
    "规则作者": "香雅情",
    "请求头参数": "User-Agent$手机#Referer$WebView",
    "网页编码格式": "UTF-8",
    "图片是否需要代理": "0",
    "是否开启获取首页数据": "1",
    "首页推荐链接": "https://dy1990.com",
    "首页列表数组规则": "body&&.c2_list",
    "首页片单列表数组规则": "li:has(.lazyload)",
    "首页片单是否Jsoup写法": "1",
    "分类起始页码": "1",
    "分类链接": "https://dy1990.com/vodshow/{cateId}--{by}------{catePg}---{year}.html",
    "分类名称": "电影&电视剧&综艺&动漫",
    "分类名称替换词": "l1111l&E1111l&T1111l&h1111l",
    //"筛选数据": {},
    "筛选数据": "ext",
    //{cateId}
    "筛选子分类名称": "动作片&爱情片&喜剧片&剧情片&战争片&科幻片&恐怖片&动画片&纪录片&其他片||国产剧&港台剧&欧美剧&日韩剧&其他剧||空",
    "筛选子分类替换词": "e1111l&k1111l&C1111l&F1111l&d1111l&g1111l&01111l&A1111l&N1111l&G1111l||Q1111l&W1111l&Y1111l&X1111l&L1111l||空",
    //{class}
    "筛选类型名称": "",
    "筛选类型替换词": "*",
    //{area}
    "筛选地区名称": "",
    "筛选地区替换词": "*",
    //{year}
    "筛选年份名称": "",
    "筛选年份替换词": "*",
    //{lang}
    "筛选语言名称": "",
    "筛选语言替换词": "*",
    //{by}
    "筛选排序名称": "时间&人气&评分",
    "筛选排序替换词": "time&hits&score",
    "分类截取模式": "1",
    "分类列表数组规则": ".c2_list&&li",
    "分类片单是否Jsoup写法": "1",
    "分类片单标题": "a&&title",
    "分类片单链接": "a&&href",
    "分类片单图片": ".lazyload&&data-original",
    "分类片单副标题": ".tc_wz&&Text",
    "分类片单链接加前缀": "https://dy1990.com",
    "分类片单链接加后缀": "",
    "搜索请求头参数": "User-Agent$手机",
    "搜索链接": "https://dy1990.com/vodsearch/-------------.html?wd={wd}",
    "POST请求数据": "",
    "搜索截取模式": "1",
    "搜索列表数组规则": "body&&.result_list",
    "搜索片单是否Jsoup写法": "1",
    "搜索片单图片": ".lazyload&&data-original",
    "搜索片单标题": ".result_title&&a&&Text",
    "搜索片单链接": ".result_title&&a&&href",
    "搜索片单副标题": ".result_detail&&li:contains(状态：)&&Text!状态：",
    "搜索片单链接加前缀": "https://dy1990.com",
    "搜索片单链接加后缀": "",
    "链接是否直接播放": "0",
    "直接播放链接加前缀": "",
    "直接播放链接加后缀": "",
    "直接播放直链视频请求头": "",
    "详情是否Jsoup写法": "0",
    "类型详情": "",
    "年代详情": "",
    "地区详情": "",
    "演员详情": "主演：<span>&&</p>",
    "简介详情": "详情</a>&&</",
    "线路列表数组规则": ".playlist-tab&&li",
    "线路标题": "Text",
    "播放列表数组规则": "body&&.con_c2_list",
    "选集列表数组规则": "li",
    "选集标题链接是否Jsoup写法": "1",
    "选集标题": "a&&Text",
    "选集链接": "a&&href",
    "是否反转选集序列": "0",
    "选集链接加前缀": "https://dy1990.com",
    "选集链接加后缀": "",
    "分析MacPlayer": "2",
    "是否开启手动嗅探": "1",
    "手动嗅探视频链接关键词": ".mp4#.m3u8#.flv#video/tos",
    "手动嗅探视频链接过滤词": ".html#=http"
}