
{
    "title": "聚合",
    "author": "聚合",
    "UserAgent": "Mozilla/5.0 (Linux; Android 12; M2102J2SC Build/SKQ1.211006.001; wv) AppleWebKit/537.36 (KHTML, like Gecko) Version/4.0 Chrome/96.0.4664.104 Mobile Safari/537.36",
    "User": "User-Agent:Dart/2.14 (dart:io)",
    "Host": "play.fositv.com",
    "Referer": "WebView",
    "cookie": "history=%5B%7B%22name%22%3A%22%E8%8B%8D%E5%85%B0%E8%AF%80%22%2C%22pic%22%3A%22https%3A%2F%2Fpic8.iqiyipic.com%2Fimage%2F20220804%2F64%2Fe6%2Fa_100447503_m_601_m4_579_772.jpg%22%2C%22link%22%3A%22%2Fvodplay%2F69414-1-2.html%22%2C%22part%22%3A%22%E7%AC%AC2%E9%9B%86%22%7D%2C%7B%22name%22%3A%22%E5%9B%9E%E5%BB%8A%E4%BA%AD%22%2C%22pic%22%3A%22https%3A%2F%2Fm.ykimg.com%2F0526000062A9712F13F7FF09501EDF1D%22%2C%22link%22%3A%22%2Fvodplay%2F9709-1-1.html%22%2C%22part%22%3A%22%E7%AC%AC1%E9%9B%86%22%7D%2C%7B%22name%22%3A%22%E5%8B%87%E8%80%85%E6%97%A0%E6%83%A7%22%2C%22pic%22%3A%22https%3A%2F%2Fm.ykimg.com%2F0526000063109ED21FD852097EF7151C%22%2C%22link%22%3A%22%2Fvodplay%2F70788-4-1.html%22%2C%22part%22%3A%22%E7%AC%AC01%E9%9B%86%22%7D%5D",
    "accept": "text/html,application/xhtml+xml,application/xml;q=0.9,image/avif,image/webp,image/apng,*/*;q=0.8,application/signed-exchange;v=b3;q=0.9",
    "firstpage": "1",
    "homeContent": "1",
    "class_url": "https://fositv.com/vodshow/{cateId}-{area}-{by}------{catePg}---{year}.html",
    "class_name": "电视剧&电影&动漫&综艺&纪录片",
    "class_value": "2&1&4&3&5&",
    "filterdata": "",
    "cat_YN_twice": "0",
    "cat_arr_pre": "class=\"myui-vodlist__thumb",
    "cat_arr_suf": "</a>",
    "cat_pic": "data-original=\"&&\"",
    "cat_title": "title=\"&&\"",
    "cat_subtitle": "text-right\">&&</span>",
    "cat_url": "href=\"&&\"",
    "cat_prefix": "https://fositv.com",
    "cat_suffix": "",
    "search_mode": "0",
    "jsonpic": "pic",
    "jsonname": "name",
    "jsonid": "id",
    "jsonstitle": "",
    "force_play": "0",
    "play_prefix": "",
    "play_suffix": "",
    "play_header": "",
    "proj_actor": "主演：</span>&&</p>",
    "proj_plot": "<span class=\"sketch content\">&&</span>",
    "tab_YN_twice": "0",
    "tab_twice_pre": "<ul class=\"nav nav-tabs active\">",
    "tab_twice_suf": "</ul>",
    "tab_arr_pre": "<a href=\"#playlist",
    "tab_arr_suf": "</li>",
    "tab_title": ">&&<",
    "list_YN_twice": "0",
    "list_twice_pre": "空",
    "list_twice_suf": "空",
    "list_arr_pre": "class=\"myui-content__list",
    "list_arr_suf": "</ul>",
    "epi_YN_twice": "0",
    "epi_twice_pre": "空",
    "epi_twice_suf": "空",
    "epi_arr_pre": "<a",
    "epi_arr_suf": "</li>",
    "epi_title": ">&&<",
    "epi_url": "href=\"&&\"",
    "epiurl_prefix": "https://fositv.com",
    "epiurl_suffix": "",
   "Anal_MacPlayer":"0",
  "ManualSniffer":"1",
    //手动嗅探视频链接关键字，每个用#隔开
    "VideoFormat":".m3u8?#ixigua#.czspp#.m3u8#mp4#.flv#.mp3#.m4a#item/video#is_play_url=1",
    //手动嗅探视频链接过滤关键词,每个用#隔开
    "VideoFilter":".html#=http"
}
