{
    "title": "zxzj",
    "author": "tx",
    "Headers":"MOBILE_UA",
    "PicNeedProxy":"0",
    "homeContent":"1",
    "firstpage": "1",
    "class_url": "https://zxzj.vip/list/{cateId}/page/{catePg}.html",
    "class_name": "电影&美剧&韩剧&日剧&泰剧&动漫",
    "class_value": "1&2&3&4&5&6",
    "filterdata": {
      "1": [
        {
          "key": "class",
          "name": "剧情",
          "value": [
            {"n": "全部剧情","v": ""},
            {"n": "喜剧","v": "喜剧"},
            {"n": "爱情","v": "爱情"},
            {"n": "恐怖","v": "恐怖"},
            {"n": "动作","v": "动作"},
            {"n": "科幻","v": "科幻"},
            {"n": "剧情","v": "剧情"},
            {"n": "战争","v": "战争"},
            {"n": "警匪","v": "警匪"},
            {"n": "犯罪","v": "犯罪"},
            {"n": "动画","v": "动画"},
            {"n": "奇幻","v": "奇幻"},
            {"n": "冒险","v": "冒险"}
          ]
        },
        {
          "key": "area",
          "name": "地区",
          "value": [
            {"n": "全部","v": ""},
            {"n": "大陆","v": "大陆"},
            {"n": "香港","v": "香港"},
            {"n": "台湾","v": "台湾"},        
            {"n": "欧美","v": "欧美"},
            {"n": "韩国","v": "韩国"},
            {"n": "日本","v": "日本"},
            {"n": "泰国","v": "泰国"},
            {"n": "印度","v": "印度"},
            {"n": "俄罗斯","v": "俄罗斯"},
            {"n": "其他","v": "其他"}
          ]
        },
        {
          "key": "year",
          "name": "年份",
          "value": [
            {"n": "全部","v": ""},
            {"n": "2022","v": "2022"},
            {"n": "2021","v": "2021"},
            {"n": "2020","v": "2020"},
            {"n": "2019","v": "2019"},
            {"n": "2018","v": "2018"},
            {"n": "2017","v": "2017"},
            {"n": "2016","v": "2016"},
            {"n": "2015","v": "2015"},
            {"n": "2014","v": "2014"},
            {"n": "2013","v": "2013"},
            {"n": "2012","v": "2012"},
            {"n": "2011","v": "2011"}
          ]
        }
      ],
      "2": [
        {
          "key": "class",
          "name": "剧情",
          "value": [
            {"n": "全部剧情","v": ""},
            {"n": "剧情","v": "剧情"},
            {"n": "喜剧","v": "喜剧"},
            {"n": "爱情","v": "爱情"},
            {"n": "动作","v": "动作"},
            {"n": "悬疑","v": "悬疑"},
            {"n": "恐怖","v": "恐怖"},
            {"n": "奇幻","v": "奇幻"},
            {"n": "惊悚","v": "惊悚"},
            {"n": "犯罪","v": "犯罪"},
            {"n": "科幻","v": "科幻"},
            {"n": "音乐","v": "音乐"},
            {"n": "其他","v": "其他"}
          ]
        },
        {
          "key": "year",
          "name": "年份",
          "value": [
            {"n": "全部","v": ""},
            {"n": "2022","v": "2022"},
            {"n": "2021","v": "2021"},
            {"n": "2020","v": "2020"},
            {"n": "2019","v": "2019"},
            {"n": "2018","v": "2018"},
            {"n": "2017","v": "2017"},
            {"n": "2016","v": "2016"},
            {"n": "2015","v": "2015"},
            {"n": "2014","v": "2014"},
            {"n": "2013","v": "2013"},
            {"n": "2012","v": "2012"},
            {"n": "2011","v": "2011"}
          ]
        }
      ],
      "3": [
        {
          "key": "class",
          "name": "剧情",
          "value": [
            {"n": "全部剧情","v": ""},
            {"n": "剧情","v": "剧情"},
            {"n": "喜剧","v": "喜剧"},
            {"n": "爱情","v": "爱情"},
            {"n": "动作","v": "动作"},
            {"n": "悬疑","v": "悬疑"},
            {"n": "恐怖","v": "恐怖"},
            {"n": "奇幻","v": "奇幻"},
            {"n": "惊悚","v": "惊悚"},
            {"n": "犯罪","v": "犯罪"},
            {"n": "科幻","v": "科幻"},
            {"n": "音乐","v": "音乐"},
            {"n": "其他","v": "其他"}
          ]
        },
        {
          "key": "year",
          "name": "年份",
          "value": [
            {"n": "全部","v": ""},
            {"n": "2022","v": "2022"},
            {"n": "2021","v": "2021"},
            {"n": "2020","v": "2020"},
            {"n": "2019","v": "2019"},
            {"n": "2018","v": "2018"},
            {"n": "2017","v": "2017"},
            {"n": "2016","v": "2016"},
            {"n": "2015","v": "2015"},
            {"n": "2014","v": "2014"},
            {"n": "2013","v": "2013"},
            {"n": "2012","v": "2012"},
            {"n": "2011","v": "2011"}
          ]
        }
      ],
      "4": [
        {
          "key": "class",
          "name": "剧情",
          "value": [
            {"n": "全部剧情","v": ""},
            {"n": "剧情","v": "剧情"},
            {"n": "喜剧","v": "喜剧"},
            {"n": "爱情","v": "爱情"},
            {"n": "动作","v": "动作"},
            {"n": "悬疑","v": "悬疑"},
            {"n": "恐怖","v": "恐怖"},
            {"n": "奇幻","v": "奇幻"},
            {"n": "惊悚","v": "惊悚"},
            {"n": "犯罪","v": "犯罪"},
            {"n": "科幻","v": "科幻"},
            {"n": "音乐","v": "音乐"},
            {"n": "其他","v": "其他"}
          ]
        },
        {
          "key": "year",
          "name": "年份",
          "value": [
            {"n": "全部","v": ""},
            {"n": "2022","v": "2022"},
            {"n": "2021","v": "2021"},
            {"n": "2020","v": "2020"},
            {"n": "2019","v": "2019"},
            {"n": "2018","v": "2018"},
            {"n": "2017","v": "2017"},
            {"n": "2016","v": "2016"},
            {"n": "2015","v": "2015"},
            {"n": "2014","v": "2014"},
            {"n": "2013","v": "2013"},
            {"n": "2012","v": "2012"},
            {"n": "2011","v": "2011"}
          ]
        }
      ],
      "5": [
        {
          "key": "year",
          "name": "年份",
          "value": [
            {"n": "全部","v": ""},
            {"n": "2022","v": "2022"},
            {"n": "2021","v": "2021"},
            {"n": "2020","v": "2020"},
            {"n": "2019","v": "2019"},
            {"n": "2018","v": "2018"},
            {"n": "2017","v": "2017"},
            {"n": "2016","v": "2016"},
            {"n": "2015","v": "2015"},
            {"n": "2014","v": "2014"},
            {"n": "2013","v": "2013"},
            {"n": "2012","v": "2012"},
            {"n": "2011","v": "2011"}
          ]
        }
      ],
      "6": [
        {
          "key": "class",
          "name": "剧情",
          "value": [
            {"n": "全部剧情","v": ""},
            {"n": "情感","v": "情感"},
            {"n": "科幻","v": "科幻"},
            {"n": "热血","v": "热血"},
            {"n": "推理","v": "推理"},
            {"n": "搞笑","v": "搞笑"},
            {"n": "冒险","v": "冒险"},
            {"n": "萝莉","v": "萝莉"},
            {"n": "校园","v": "校园"},
            {"n": "动作","v": "动作"},
            {"n": "机战","v": "机战"},
            {"n": "运动","v": "运动"},
            {"n": "战争","v": "战争"},
            {"n": "少年","v": "少年"}
          ]
        },
        {
          "key": "area",
          "name": "地区",
          "value": [
            {"n": "全部","v": ""},
            {"n": "国产","v": "国产"},
            {"n": "日本","v": "日本"},
            {"n": "欧美","v": "欧美"},
            {"n": "其他","v": "其他"}
          ]
        },
        {
          "key": "year",
          "name": "年份",
          "value": [
            {"n": "全部","v": ""},
            {"n": "2022","v": "2022"},
            {"n": "2021","v": "2021"},
            {"n": "2020","v": "2020"},
            {"n": "2019","v": "2019"},
            {"n": "2018","v": "2018"},
            {"n": "2017","v": "2017"},
            {"n": "2016","v": "2016"},
            {"n": "2015","v": "2015"},
            {"n": "2014","v": "2014"},
            {"n": "2013","v": "2013"},
            {"n": "2012","v": "2012"},
            {"n": "2011","v": "2011"}
          ]
        }
      ]
    },
    "cat_mode": "1",
    
    "cat_arr_rule": ".stui-vodlist__thumb&&a",
    
    "cat_title": "a&&title",
    
    "cat_url": "a&&href",
    
    "cat_pic": ".lazyload&&data-original",
    
    "cat_subtitle":".module-item-note&&Text",
    
    "cat_prefix": "https://zxzj.vip",
    
    "cat_suffix": "",
    
    "SHeaders":"MOBILE_UA",
    
    "search_url": "",
    
    "sea_PtBody":"",
 
    "search_mode": "1",
 
    "sea_arr_rule": ".stui-vodlist__thumb&&a",

    "sea_is_jsoup":"1", 
    
    "sea_pic": "a&&data-original",
 
    "sea_title": "a&&title",
 
    "sea_url": "a&&href",
    
    "sea_subtitle":".pic-text&&Text",
    
    "search_prefix": "https://zxzj.vip",
    
    "search_suffix": "",
    
    "force_play": "0",
    
    "play_prefix": "https://live.52sf.ga/huya/",
    
    "play_suffix": "#isVideo=true#",
    
    "play_header": "authority$ku.peizq.online#Referer$https://play.peizq.online",
            
    "proj_actor": ".stui-content__detail&&p,1&&Text",
    
    "proj_plot": ".stui-content__detail&&p,-1&&Text",
    
    "tab_arr_rule": ".stui-pannel-box&&.stui-vodlist__head",
 
    "tab_title": "Text",
    
    "list_arr_rule": "body&&.stui-content__playlist.clearfix",
    
    "epi_arr_rule": "li",
    
    "epi_title": "a&&Text",
    
    "epi_url": "a&&href",
    
    "epi_reverse": "0",
    
    "epiurl_prefix": "https://zxzj.vip",
    "epiurl_suffix": "",
    
    
 
    //分析网页源码中有<script type="text/javascript">var player_aaaa={"flag":"play","encrypt这种源码的链接解析
    "Anal_MacPlayer":"0",
    "ManualSniffer":"0",
    "VideoFormat":".mp4#.m3u8#.flv",
    "VideoFilter":".html#=http"
}
