{
    "title": "动视影视",
    "author": "香雅情",
    "UserAgent":"Mozilla/5.0 (Linux; Android 11; Mi 10 Pro) AppleWebKit/537.36 (KHTML, like Gecko) Chrome/88.0.4324.152 Mobile Safari/537.36",
    "Referer":"",
    "homeContent": "1",
    "firstpage": "1",
    "class_url": "http://www.5207.top/index.php/vod/show/id/{cateId}/page/{catePg}.html",
    "class_name": "电影&电视剧&动漫&综艺",
    "class_value": "1&2&3&4",
    "filterdata": {},
      //分类是否二次截取
    "cat_YN_twice": "1",
    "cat_twice_pre": "排序<i class=\"icon-arrow",
    "cat_twice_suf": "title=\"尾页",
      //分类数组截取前
    "cat_arr_pre": "<a",
      //分类数组截取后
    "cat_arr_suf": "/a>",
       //分类截取片单图片，截取前缀&&截取后缀
    "cat_pic": "data-original=\"&&\"",
        //分类截取片单标题，截取前缀&&截取后缀
    "cat_title": "alt=\"&&\"",
      //分类截取片单副标题，截取前缀&&截取后缀
    "cat_subtitle": "item-note\">&&</div>",
    //分类截取片单链接，截取前缀&&截取后缀
    "cat_url": "href=\"&&\"",
        //分类片单链接补前缀
    "cat_prefix": "http://www.5207.top",
       //分类片单链接补后缀
    "cat_suffix": "",
    "search_url": "http://www.5207.top/index.php/vod/search/wd/{wd}.html",
    "search_mode": "0",
    "jsonpic": "pic",
    "jsonname": "name",
    "jsonid": "id",
    "jsonstitle":"",
    "sea_YN_twice": "",
    "sea_twice_pre": "",
    "sea_twice_suf": "",
    "sea_arr_pre": "",
    "sea_arr_suf": "",
    "sea_pic": "",
    "sea_title": "",
    "sea_url": "",
    "search_prefix": "http://www.5207.top/voddetail/",
    "search_suffix": ".html",
    "sea_subtitle": "",
    
    "force_play": "0",
    "play_prefix": "空",
    "play_suffix": "空",
    "play_header": "空",
    
    "proj_actor": "主演：</span>&&</div>",
    "proj_plot": "introduction-content\">&&/p>",
      //线路截取区域，如果不需要请把tab_title或tab_arr_pre置空或者全部不要填。
    //线路是否二次截取
"tab_YN_twice": "0",
    "tab_twice_pre": "",
    "tab_twice_suf": "",
    //线路截取数组前
    "tab_arr_pre": "播放列表</span",
    "tab_arr_suf": "</div>",
     //线路标题，截取前缀&&截取后缀
    "tab_title": "<span>&&</span>",
    
    "list_YN_twice": "0",
    "list_twice_pre": "空",
    "list_twice_suf": "空",
      //列表数组截取前，必须
    "list_arr_pre": "<div class=\"module-play-list-content",
      //列表数组截取后，必须
    "list_arr_suf": "</div>",
    "epi_YN_twice": "0",
    "epi_twice_pre": "空",
    "epi_twice_suf": "空",
        //集数数组截取前，必须
    "epi_arr_pre": "<a",
      //集数数组截取后，必须
    "epi_arr_suf": "</a>",
        //集数标题，截取前缀&&截取后缀
    "epi_title": "<span>&&</span>",
    //集数链接，截取前缀&&截取后缀
    "epi_url": "href=\"&&\"",
      //集数链接补前缀
    "epiurl_prefix": "http://www.5207.top",
    "epiurl_suffix": "",
    
    //下面几个参数请勿乱用。否则可能会有副作用。
    //分析网页源码中有<script type="text/javascript">var player_aaaa={"flag":"play","encrypt这种源码的链接解析
    //如果网页源码里没有这种请设置为0
    "Anal_MacPlayer":"0",
    //是否开启手动嗅探，只对网页嗅探有效，0否，1是
    "ManualSniffer":"0",
    //手动嗅探视频链接关键字，每个用#隔开
    "VideoFormat":".mp4#.m3u8#.flv",
    //手动嗅探视频链接过滤关键词,每个用#隔开
    "VideoFilter":".html#=http"
}