{"规则名": "xp","规则作者": "sm","请求头参数":"MOBILE_UA","网页编码格式":"UTF-8","图片是否需要代理":"0","图片是否需要代理": "否","是否开启获取首页数据": "是","首页推荐链接": "https://maa1812.com","首页列表数组规则": "body&&.posts","首页片单列表数组规则": ".post","首页片单是否Jsoup写法": "1","分类起始页码": "1","分类链接": "https://maa1812.com/zh/{cateId}/all/{catePg}.html","分类名称": "中文字幕&无码&动画&自拍&","分类名称替换词": "chinese_list&uncensored_list&animation_list&dt_list&","筛选数据":{},"分类截取模式": "1","分类列表数组规则": "body&&.post","分类片单是否Jsoup写法":"1","分类片单标题": "h3&&Text","分类片单链接": "a&&href","分类片单图片": "img&&src","分类片单副标题":".meta&&Text","分类片单链接加前缀": "","分类片单链接加后缀": "","搜索请求头参数": "User-Agent$MOBILE_UA","搜索链接": "https://maa1812.com/zh/fc_search/all/{wd}/{catePg}.html","POST请求数据": "","搜索截取模式": "1","搜索列表数组规则": ".posts&&.post","搜索片单是否Jsoup写法": "是","搜索片单图片": "img&&src","搜索片单标题": "h3&&Text","搜索片单链接": "a&&href","搜索片单副标题": ".meta&&Text","搜索片单链接加前缀": "","搜索片单链接加后缀": "","链接是否直接播放": "1","直接播放链接加前缀": "","直接播放链接加后缀": "","直接播放直链视频请求头": "","分析MacPlayer":"0","是否开启手动嗅探":"1","手动嗅探视频链接关键词":".mp4#.m3u8#.flv","手动嗅探视频链接过滤词":".html#=http"}