{
    //规则名
    "title": "http://91sesexx.top/video_list/36/3/index.html",
    //作者
    "author": "sm",
    //请求头UA,不填则默认okhttp/3.12.11，可填MOBILE_UA或PC_UA使用内置的手机版或电脑版UA
    //多个请求头参数写法示例，"User-Agent$PC_UA#Referer$http://ww.baidu.com#Cookie$ser=ok",
    //习惯查看手机源码写建议用手机版UA，习惯查看PC版源码写建议用电脑版UA
    "UserAgent":"MOBILE_UA",
    //网页编码格式默认UTF-8编码，UTF-8，GBK，GB2312
    "Coding_format":"UTF-8",
    //图片是否需要走代理，一般是图片无Referer参数不显示那种需要，全局设置，0否，1是。
    "PicNeedProxy":"0",
    //是否开启获取首页数据，0关闭，1开启
    "homeContent":"1",
    //分类链接起始页码,禁止负数和含小数点。
    "firstpage": "1",
    //分类链接,{cateId}是分类，{catePg}是页码,第一页没有页码的可以这样写 第二页链接[firstPage=第一页的链接]
    // https://www.libvio.me/show/{cateId}-{area}-{by}-{class}-{lang}----{catePg}---{year}.html
    "class_url": "http://91sesex11.top/video_list/{cateId}/{catePg}/index.html",
    //分类名，分类1&分类2&分类3
    //#官方综艺$/video_list/120/#兔子综艺$/video_list/35/#京东1综艺$/video_list/43/#蜜桃综艺$/video_list/42/
    "class_name": "1080jav&麻豆传媒&水果派&骑兵有码&91综艺&天美传媒&JAV&兔子先生&京东传媒&蜜桃传媒&",
    //分类名替换词，替换词1&替换词2&替换词3，替换词包含英文&的用两个中文＆＆代替，示例：＆＆id=0&＆＆id=1
    "class_value": "122&38&37&24&91&47&120&35&43&42&",
    //筛选数据，支持直写，clan://本地路径(可能有bug)，http云端链接，标准json格式，参考xpath的筛选写法
    //填ext可以使用下面手动填写的筛选数据。
    "filterdata":{},
    
    //!!!要使用下面的筛选数据，筛选数据那一定要填ext，"filterdata":"ext"
    //子分类名称{cateId}，第一子分类1&第一子分类2||第二子分类1&第二子分类2
    "fclass_name": "动作片&喜剧片||国产剧&日韩剧||空||国产动漫&日本动漫",
    //分类名替换词，替换词1&替换词2&替换词3，替换词包含英文&的用两个中文＆＆代替，示例：＆＆id=0&＆＆id=1
    "fclass_value": "5&6||13&14||空||国产动漫&日本动漫",
    //筛选类型名称{class}
    "fcatelog_name":"爱情&喜剧&科幻",
    //筛选类型替换词
    "fcatelog_value":"爱情&喜剧&科幻",
    //地区名称{area}，地区1&地区2&地区3
    "farea_name": "中国&新加坡",
    //地区替换词，替换词1&替换词2&替换词3，替换词包含英文&的用两个中文＆＆代替，示例：＆＆id=0&＆＆id=1
    "farea_value": "中国&新加坡",
    //年份名称{year}，年份1&年份2&年份3
    "fyear_name": "2022&2021",
    //年份替换词，替换词1&替换词2&替换词3
    "fyear_value": "2022&2021",
    //语言名称，对应分类链接{lang}，语言1&语言2&语言3
    "flang_name": "国语&英语",
    //语言替换词，替换词1&替换词2&替换词3
    "flang_value": "国语&英语",
    //排序名称{by}，排序1&排序2&排序3
    "fsort_name": "时间&人气&评分",
    //排序替换词，替换词1&替换词2&替换词3。
    "fsort_value": "time&hits&score",
    
    //分类页面截取数据模式，0为json，1为普通网页。
    "cat_mode": "1",
    //分类json列表数组定位，最多支持3层，能力有限，不是所有页面都能支持
    "catjsonlist": "data.list",
    //分类json片单图片
    "catjsonpic": "roomSrc",
    //分类json片单标题
    "catjsonname": "roomName",
    //分类json片单链接
    "catjsonid": "rid",
    //分类json片单副标题
    "catjsonstitle":"nickname",
    
    //分类是否二次截取
    "cat_YN_twice": "0",
    //分类二次截取前
    "cat_twice_pre": "空",
    //分类二次截取后
    "cat_twice_suf": "</ul>",
    
    //分类数组截取前
    "cat_arr_pre": "class=\"col-md-2 col-sm-3 col-xs-4",
    //分类数组截取后
    "cat_arr_suf": "</li>",
    //分类截取片单图片，截取前缀&&截取后缀
    "cat_pic": "url(&&)",
    //分类截取片单标题，截取前缀&&截取后缀
    "cat_title": "title=\"&&\"",
    //分类截取片单副标题，截取前缀&&截取后缀
    "cat_subtitle": "class=\"subtitle text-time text-overflow\"&&</div>",
    //分类截取片单链接，截取前缀&&截取后缀
    "cat_url": "href=\"&&\"",
    
    //分类片单链接补前缀  
    "cat_prefix": "http://91sesex11.top",
    //分类片单链接补后缀
    "cat_suffix": "",
    
    //搜索专属请求头UA,不填则默认okhttp/3.12.11，可填MOBILE_UA或PC_UA使用内置的手机版或电脑版UA
    //多个请求头参数写法示例，"User-Agent$PC_UA#Referer$http://ww.baidu.com#Cookie$ser=ok",
    //习惯查看手机源码写建议用手机版UA，习惯查看PC版源码写建议用电脑版UA
    "SUserAgent":"MOBILE_UA",
    //搜索链接，搜索关键字用{wd}表示，post请求的最后面加;post
    //POST链接示例 http://www.lezhutv.com/index.php?m=vod-search;post
    "search_url": "http://91sesex11.top/video_search/{wd}/1/index.html",
    //POST搜索body，填写搜索关键字的键值，一般常见的是searchword和wd，不是POST搜索的可留空或删除。
    "sea_PtBody":"",
    
    //搜索模式,0为json搜索，只支持列表在list数组里的，其它为网页截取。
    "search_mode": "1",
    //搜索json列表数组定位，不填默认内置list，最多支持3层，能力有限，不是所有页面都能支持。
    "jsonlist": "list",
    //搜索json片单图片
    "jsonpic": "pic",
    //搜索json片单标题
    "jsonname": "name",
    //搜索json片单链接
    "jsonid": "id",
    //json片单副标题，这个很少有，预留着
    "jsonstitle":"",
    
    //搜索是否二次截取  
    "sea_YN_twice": "0",
    //搜索二次截取前
    "sea_twice_pre": "空",
    //搜索二次截取后
    "sea_twice_suf": "</ul>",
    
    //搜索数组前缀
    "sea_arr_pre": "class=\"col-md-2 col-sm-3 col-xs-4",
    //搜索数组后缀
    "sea_arr_suf": "</li>",
    //搜索片单图片，截取前缀&&截取后缀
    "sea_pic": "url(&&)",
    //搜索片单标题，截取前缀&&截取后缀
    "sea_title": "title=\"&&\"",
    //搜索片单链接，截取前缀&&截取后缀
    "sea_url": "href=\"&&\"",
    //搜索副标题，截取前缀&&截取后缀
    "sea_subtitle": "",
    
    //搜索片单链接补前缀
    "search_prefix": "http://91sesex11.top",
    //搜索片单链接补后缀，这个一般json搜索的需要
    "search_suffix": "",
    
    //片单链接是否直接播放，0否，1分类片单链接直接播放，2详情选集链接直接播放。
    //设置成直接播放后，后面3个参数请注意该留空的请务必留空。
    "force_play": "0",
    //直接播放链接补前缀
    "play_prefix": "https://live.52sf.ga/huya/",
    //直接播放链接补后缀，设置为#isVideo=true#可强制识别为视频链接
    "play_suffix": "#isVideo=true#",
    //直接播放链接设置请求头，只对直链视频有效，每一组用#分开
    "play_header": "authority$ku.peizq.online#Referer$https://play.peizq.online",
    
    //演员和简介不支持使用jsoup写法，只支持关键字截取法
    //演员数据，截取前缀&&截取后缀
    "proj_actor": "<dd>分类：&&</dd>",
    //简介内容，截取前缀&&截取后缀
    "proj_plot": "<dd>详情：&&</dd>",
    
    //线路截取区域，如果不需要请把tab_title或tab_arr_pre置空或者全部不要填。
    //线路是否二次截取
    "tab_YN_twice": "0",
    //线路二次截取前
    "tab_twice_pre": "class=\"laiyuan",
    //线路二次截取后
    "tab_twice_suf": "</span>",
    
    //线路截取数组前
    "tab_arr_pre": "空",
    //线路截取数组后
    "tab_arr_suf": "空",
    //线路标题，截取前缀&&截取后缀
    //排除线路写法示例==> "tab_title": "title\">&&</h3>[不包含:网盘,云盘]",
    "tab_title": "空",
    
    //列表是否二次截取
    "list_YN_twice": "0",
    //列表二次截取前
    "list_twice_pre": "空",
    //列表二次截取后
    "list_twice_suf": "空",
    //列表数组截取前，必须
    "list_arr_pre": "<ul class=\"playul",
    //列表数组截取后，必须
    "list_arr_suf": "</ul>",
    
    //集数是否二次截取
    "epi_YN_twice": "0",
    //集数二次截取前
    "epi_twice_pre": "空",
    //集数二次截取后
    "epi_twice_suf": "空",
    //集数数组截取前，必须
    "epi_arr_pre": "<a",
    //集数数组截取后，必须
    "epi_arr_suf": "/a>",
    //集数标题，截取前缀&&截取后缀
    "epi_title": ">&&<",
    //集数链接，截取前缀&&截取后缀
    "epi_url": "href=\"&&\"",
    //选集是否反转显示
    "epi_reverse": "0",
    //集数链接补前缀
    "epiurl_prefix": "http://91sesex11.top",
    //集数链接补后缀
    "epiurl_suffix": "",
    
    //下面几个参数请勿乱用。否则可能会有副作用。
    //分析网页源码中有<script type="text/javascript">var player_aaaa={"flag":"play","encrypt这种源码的链接解析
    //如果网页源码里没有这种请设置为0
    "Anal_MacPlayer":"0",
    //是否开启手动嗅探，只对网页嗅探有效，0否，1是
    "ManualSniffer":"1",
    //手动嗅探视频链接关键字，每个用#隔开
    "VideoFormat":".mp4#.m3u8#.flv",
    //手动嗅探视频链接过滤关键词,每个用#隔开
    "VideoFilter":".html#=http"
}
