{
    "规则名": "https://nowav.tv/category/%e4%ba%9e%e6%b4%b2/page/2",
    "规则作者": "sm",
    "请求头参数": "手机",
    "网页编码格式": "UTF-8",
    "图片是否需要代理": "0",
    "分类起始页码": "1",
    "分类链接": "https://nowav.tv/category/{cateId}/page/{catePg}",
    "分类名称": "亚洲&",
    "分类名称替换词": "%e4%ba%9e%e6%b4%b2&",
    "分类截取模式": "1",
    "分类列表数组规则": "body&&.td-module-thumb",
    "分类片单是否Jsoup写法": "1",
    "分类片单标题": "a&&title",
    "分类片单链接": "a&&href",
    "分类片单图片": "span&&data-bg",
    "分类片单副标题": "",
    "分类片单链接加前缀": "",
    "分类片单链接加后缀": "",
    "搜索请求头参数": "User-Agent$手机",
    "搜索链接": "https://nowav.tv/?s={wd}",
    "POST请求数据": "",
    "搜索截取模式": "1",
    "搜索列表数组规则": "body&&.td-module-thumb",
    "搜索片单是否Jsoup写法": "1",
    "搜索片单图片": "span&&data-bg",
    "搜索片单标题": "a&&title",
    "搜索片单链接": "a&&href",
    "搜索片单副标题": "",
    "搜索片单链接加前缀": "",
    "搜索片单链接加后缀": "",
    "链接是否直接播放": "1",
    "直接播放链接加前缀": "",
    "直接播放链接加后缀": "",
    "直接播放直链视频请求头": "",
    "分析MacPlayer": "2",
    "是否开启手动嗅探": "1",
    "手动嗅探视频链接关键词": ".mp4#.m3u8#.flv",
    "手动嗅探视频链接过滤词": ".html#=http#suffixbigendtime=#.js#"
}