{
"站名": "91影院",
"主页url": "http://91sesexx.top/video_list/122/1/index.html",
"请求头": "",
"头部集合": "User-Agent$Mozilla/5.0 (iPhone; CPU iPhone OS 13_2_3 like Mac OS X) AppleWebKit/605.1.15 (KHTML, like Gecko) Version/13.0.3 Mobile/15E148 Safari/604.1",
"热门推荐": "",
"起始页": "1",
"直接播放": "0",
"倒序播放": "0",
"图片代理": "0",
"二次截取": "var pop=[&&;",
"数组": "[&&],",
"图片": "\"&&\"",
"标题": "html\",\"&&\"",
"副标题": "91sesexx.top\",\"&&,\"\"",
"链接": "jpg\",\"&&\"",
"链接前缀": "http://91sesexx.top",

"线路二次截取": "",
"线路数组": "<span class=\"laiyuan&&span>",
"线路标题": ">&&<",
"线路链接": "",

"影片类型": "<dd>分类：&&</dd>",
"影片年代": "<dd>时间：&&</dd>",
"影片地区": "<dd>时间：&&</dd>",
"导演": "<dd>时间：&&</dd>",
"主演": "<dd>演员：&&</dd>",
"简介": "<dd>标签：&&</dd>",

"播放二次截取": "",
"播放数组": "<ul class=\"playul\">&&</ul>",
"列表二次截取": "",
"播放列表": "<li>&&</li>",
"播放标题": "title=\'&&\'",
"播放链接": "href=\"javascript:play(\'&&\'",
"播放链接前缀": "",
"播放链接后缀": "",
"免嗅": "0",
"嗅探词":"",
"过滤词":"",
"播放请求头": "User-Agent$Mozilla/5.0 (iPhone; CPU iPhone OS 13_2_3 like Mac OS X) AppleWebKit/605.1.15 (KHTML, like Gecko) Version/13.0.3 Mobile/15E148 Safari/604.1",

"搜索url": "http://91sesexx.top/video_search/{wd}/{pg}/index.html",
"搜索模式": "1",
"搜索二次截取": "var pop=[&&;",
"搜索数组": "[&&],",
"搜索图片": "\"&&\"",
"搜索标题": "html\",\"&&\"",
"搜索副标题": "91sesexx.top\",\"&&,\"\"",
"搜索链接": "jpg\",\"&&\"",
"搜索链接前缀": "http://91sesexx.top",

"分类url": "http://91sesexx.top/video_list/{cateId}/{catePg}/index.html",
"分类": "",
"分类二次截取": "<h3>视频分类</h3>&&</dl>",
"分类数组": "<a&&a>",
"分类标题": ">&&</",
"分类ID": "href=\"/video_list/&&/1/index.html",
"类型": "",
"剧情": "",

"地区": "",

"年份": "",

"排序": "",

"筛选": ""
}