{
  "cookie": "innersign=0; buvid3=2E536ADC-CD6D-46AB-A9FF-904395151EE369713infoc; b_nut=1669016569; i-wanna-go-back=-1; b_ut=7; _uuid=761F7F106-C575-884D-6C10A-92BC10A10D10FBC68934infoc; buvid4=5B25B999-AE15-E09A-A0CC-3661981B71BF70255-122112115-JOyWSaNZfI2kZmT1KYmcQA%3D%3D; fingerprint=6d9ef93c89a567d22b6a9c4104e6cc50; buvid_fp_plain=undefined; buvid_fp=6d9ef93c89a567d22b6a9c4104e6cc50; SESSDATA=2d6f63c8%2C1684568607%2C19eb6%2Ab1; bili_jct=21d538b01566c26afc81ff68c2ac7dca; DedeUserID=3493083203242585; DedeUserID__ckMd5=7b86f3894ed7f8c0; sid=ng0uyvaz; b_lsid=97FB69A2_1869DE8E2C5; bg_view_44176=720227",
"classes":[
{"type_name":"白噪音","type_id":"白噪音4K"},
{
"type_name":"风景",
"type_id":"风景4K"
},
{
"type_name":"演讲",
"type_id":"演讲"
},
{
"type_name":"儿童",
"type_id":"儿童"
},
{
"type_name":"📕苏教版",
"type_id":"苏教版课程"
},
{
"type_name":"📗人教版",
"type_id":"人教版课程"
},
{
"type_name":"📘沪教版",
"type_id":"沪教版课程"
},
{
"type_name":"📚北师大版",
"type_id":"北师大版课程"
}
],
"filter":{
"白噪音4K":[
{"key":"order","name":"排序","value":[
{"n":"综合排序","v":"0"},
{"n":"最多点击","v":"click"},
{"n":"最新发布","v":"pubdate"},
{"n":"最多弹幕","v":"dm"},
{"n":"最多收藏","v":"stow"}
]
},
{"key":"tid","name":"分类","value":[
{"n":"全部","v":"白噪音4K"},
{"n":"窗白噪音","v":"窗白噪音4K"},
{"n":"环境白噪音","v":"环境白噪音4K"},
{"n":"自然白噪音","v":"自然白噪音4K"},
{"n":"助眠白噪音","v":"助眠白噪音4K"}
]
},
{"key":"duration","name":"时长","value":[
{"n":"全部","v":"0"},
{"n":"60分钟以上","v":"4"},
{"n":"30~60分钟","v":"3"},
{"n":"10~30分钟","v":"2"},
{"n":"10分钟以下","v":"1"}
]
}
],
"苏教版课程":[
{
"key":"order",
"name":"排序",
"value":[
{
"n":"综合排序",
"v":"0"
},
{
"n":"最多点击",
"v":"click"
},
{
"n":"最新发布",
"v":"pubdate"
},
{
"n":"最多弹幕",
"v":"dm"
},
{
"n":"最多收藏",
"v":"stow"
}
]
},
{
"key":"tid",
"name":"年级科目",
"value":[
{
"n":"1年级语文",
"v":"苏教版1年级语文"
},
{
"n":"1年级数学",
"v":"苏教版1年级数学"
},
{
"n":"1年级英语",
"v":"苏教版1年级英语"
},
{
"n":"2年级语文",
"v":"苏教版2年级语文"
},
{
"n":"2年级数学",
"v":"苏教版2年级数学"
},
{
"n":"2年级英语",
"v":"苏教版2年级英语"
},
{
"n":"3年级语文",
"v":"苏教版3年级语文"
},
{
"n":"3年级数学",
"v":"苏教版3年级数学"
},
{
"n":"3年级英语",
"v":"苏教版3年级英语"
},
{
"n":"4年级语文",
"v":"苏教版4年级语文"
},
{
"n":"4年级数学",
"v":"苏教版4年级数学"
},
{
"n":"4年级英语",
"v":"苏教版4年级英语"
},
{
"n":"5年级语文",
"v":"苏教版5年级语文"
},
{
"n":"5年级数学",
"v":"苏教版5年级数学"
},
{
"n":"5年级英语",
"v":"苏教版5年级英语"
},
{
"n":"6年级语文",
"v":"苏教版6年级语文"
},
{
"n":"6年级数学",
"v":"苏教版6年级数学"
},
{
"n":"6年级英语",
"v":"苏教版6年级英语"
},
{
"n":"7年级语文",
"v":"苏教版7年级语文"
},
{
"n":"7年级数学",
"v":"苏教版7年级数学"
},
{
"n":"7年级英语",
"v":"苏教版7年级英语"
},
{
"n":"7年级历史",
"v":"苏教版7年级历史"
},
{
"n":"7年级地理",
"v":"苏教版7年级地理"
},
{
"n":"7年级生物",
"v":"苏教版7年级生物"
},
{
"n":"7年级物理",
"v":"苏教版7年级物理"
},
{
"n":"7年级化学",
"v":"苏教版7年级化学"
},
{
"n":"8年级语文",
"v":"苏教版8年级语文"
},
{
"n":"8年级数学",
"v":"苏教版8年级数学"
},
{
"n":"8年级英语",
"v":"苏教版8年级英语"
},
{
"n":"8年级历史",
"v":"苏教版8年级历史"
},
{
"n":"8年级地理",
"v":"苏教版8年级地理"
},
{
"n":"8年级生物",
"v":"苏教版8年级生物"
},
{
"n":"8年级物理",
"v":"苏教版8年级物理"
},
{
"n":"8年级化学",
"v":"苏教版8年级化学"
},
{
"n":"9年级语文",
"v":"苏教版9年级语文"
},
{
"n":"9年级数学",
"v":"苏教版9年级数学"
},
{
"n":"9年级英语",
"v":"苏教版9年级英语"
},
{
"n":"9年级历史",
"v":"苏教版9年级历史"
},
{
"n":"9年级地理",
"v":"苏教版9年级地理"
},
{
"n":"9年级生物",
"v":"苏教版9年级生物"
},
{
"n":"9年级物理",
"v":"苏教版9年级物理"
},
{
"n":"9年级化学",
"v":"苏教版9年级化学"
},
{
"n":"高一语文",
"v":"苏教版高一语文"
},
{
"n":"高一数学",
"v":"苏教版高一数学"
},
{
"n":"高一英语",
"v":"苏教版高一英语"
},
{
"n":"高一思想政治",
"v":"苏教版高一思想政治"
},
{
"n":"高一历史",
"v":"苏教版高一历史"
},
{
"n":"高一地理",
"v":"苏教版高一地理"
},
{
"n":"高一生物",
"v":"苏教版高一生物"
},
{
"n":"高一物理",
"v":"苏教版高一物理"
},
{
"n":"高一化学",
"v":"苏教版高一化学"
},
{
"n":"高二语文",
"v":"苏教版高二语文"
},
{
"n":"高二数学",
"v":"苏教版高二数学"
},
{
"n":"高二英语",
"v":"苏教版高二英语"
},
{
"n":"高二思想政治",
"v":"苏教版高二思想政治"
},
{
"n":"高二历史",
"v":"苏教版高二历史"
},
{
"n":"高二地理",
"v":"苏教版高二地理"
},
{
"n":"高二生物",
"v":"苏教版高二生物"
},
{
"n":"高二物理",
"v":"苏教版高二物理"
},
{
"n":"高二化学",
"v":"苏教版高二化学"
},
{
"n":"高三语文",
"v":"苏教版高三语文"
},
{
"n":"高三数学",
"v":"苏教版高三数学"
},
{
"n":"高三英语",
"v":"苏教版高三英语"
},
{
"n":"高三思想政治",
"v":"苏教版高三思想政治"
},
{
"n":"高三历史",
"v":"苏教版高三历史"
},
{
"n":"高三地理",
"v":"苏教版高三地理"
},
{
"n":"高三生物",
"v":"苏教版高三生物"
},
{
"n":"高三物理",
"v":"苏教版高三物理"
},
{
"n":"高三化学",
"v":"苏教版高三化学"
}
]
},
{
"key":"duration",
"name":"时长",
"value":[
{
"n":"全部",
"v":"0"
},
{
"n":"60分钟以上",
"v":"4"
},
{
"n":"30~60分钟",
"v":"3"
},
{
"n":"10~30分钟",
"v":"2"
},
{
"n":"10分钟以下",
"v":"1"
}
]
}
],
"人教版课程":[
{
"key":"order",
"name":"排序",
"value":[
{
"n":"综合排序",
"v":"0"
},
{
"n":"最多点击",
"v":"click"
},
{
"n":"最新发布",
"v":"pubdate"
},
{
"n":"最多弹幕",
"v":"dm"
},
{
"n":"最多收藏",
"v":"stow"
}
]
},
{
"key":"tid",
"name":"年级科目",
"value":[
{
"n":"1年级语文",
"v":"人教版1年级语文"
},
{
"n":"1年级数学",
"v":"人教版1年级数学"
},
{
"n":"1年级英语",
"v":"人教版1年级英语"
},
{
"n":"2年级语文",
"v":"人教版2年级语文"
},
{
"n":"2年级数学",
"v":"人教版2年级数学"
},
{
"n":"2年级英语",
"v":"人教版2年级英语"
},
{
"n":"3年级语文",
"v":"人教版3年级语文"
},
{
"n":"3年级数学",
"v":"人教版3年级数学"
},
{
"n":"3年级英语",
"v":"人教版3年级英语"
},
{
"n":"4年级语文",
"v":"人教版4年级语文"
},
{
"n":"4年级数学",
"v":"人教版4年级数学"
},
{
"n":"4年级英语",
"v":"人教版4年级英语"
},
{
"n":"5年级语文",
"v":"人教版5年级语文"
},
{
"n":"5年级数学",
"v":"人教版5年级数学"
},
{
"n":"5年级英语",
"v":"人教版5年级英语"
},
{
"n":"6年级语文",
"v":"人教版6年级语文"
},
{
"n":"6年级数学",
"v":"人教版6年级数学"
},
{
"n":"6年级英语",
"v":"人教版6年级英语"
},
{
"n":"7年级语文",
"v":"人教版7年级语文"
},
{
"n":"7年级数学",
"v":"人教版7年级数学"
},
{
"n":"7年级英语",
"v":"人教版7年级英语"
},
{
"n":"7年级历史",
"v":"人教版7年级历史"
},
{
"n":"7年级地理",
"v":"人教版7年级地理"
},
{
"n":"7年级生物",
"v":"人教版7年级生物"
},
{
"n":"7年级物理",
"v":"人教版7年级物理"
},
{
"n":"7年级化学",
"v":"人教版7年级化学"
},
{
"n":"8年级语文",
"v":"人教版8年级语文"
},
{
"n":"8年级数学",
"v":"人教版8年级数学"
},
{
"n":"8年级英语",
"v":"人教版8年级英语"
},
{
"n":"8年级历史",
"v":"人教版8年级历史"
},
{
"n":"8年级地理",
"v":"人教版8年级地理"
},
{
"n":"8年级生物",
"v":"人教版8年级生物"
},
{
"n":"8年级物理",
"v":"人教版8年级物理"
},
{
"n":"8年级化学",
"v":"人教版8年级化学"
},
{
"n":"9年级语文",
"v":"人教版9年级语文"
},
{
"n":"9年级数学",
"v":"人教版9年级数学"
},
{
"n":"9年级英语",
"v":"人教版9年级英语"
},
{
"n":"9年级历史",
"v":"人教版9年级历史"
},
{
"n":"9年级地理",
"v":"人教版9年级地理"
},
{
"n":"9年级生物",
"v":"人教版9年级生物"
},
{
"n":"9年级物理",
"v":"人教版9年级物理"
},
{
"n":"9年级化学",
"v":"人教版9年级化学"
},
{
"n":"高一语文",
"v":"人教版高一语文"
},
{
"n":"高一数学",
"v":"人教版高一数学"
},
{
"n":"高一英语",
"v":"人教版高一英语"
},
{
"n":"高一思想政治",
"v":"人教版高一思想政治"
},
{
"n":"高一历史",
"v":"人教版高一历史"
},
{
"n":"高一地理",
"v":"人教版高一地理"
},
{
"n":"高一生物",
"v":"人教版高一生物"
},
{
"n":"高一物理",
"v":"人教版高一物理"
},
{
"n":"高一化学",
"v":"人教版高一化学"
},
{
"n":"高二语文",
"v":"人教版高二语文"
},
{
"n":"高二数学",
"v":"人教版高二数学"
},
{
"n":"高二英语",
"v":"人教版高二英语"
},
{
"n":"高二思想政治",
"v":"人教版高二思想政治"
},
{
"n":"高二历史",
"v":"人教版高二历史"
},
{
"n":"高二地理",
"v":"人教版高二地理"
},
{
"n":"高二生物",
"v":"人教版高二生物"
},
{
"n":"高二物理",
"v":"人教版高二物理"
},
{
"n":"高二化学",
"v":"人教版高二化学"
},
{
"n":"高三语文",
"v":"人教版高三语文"
},
{
"n":"高三数学",
"v":"人教版高三数学"
},
{
"n":"高三英语",
"v":"人教版高三英语"
},
{
"n":"高三思想政治",
"v":"人教版高三思想政治"
},
{
"n":"高三历史",
"v":"人教版高三历史"
},
{
"n":"高三地理",
"v":"人教版高三地理"
},
{
"n":"高三生物",
"v":"人教版高三生物"
},
{
"n":"高三物理",
"v":"人教版高三物理"
},
{
"n":"高三化学",
"v":"人教版高三化学"
}
]
},
{
"key":"duration",
"name":"时长",
"value":[
{
"n":"全部",
"v":"0"
},
{
"n":"60分钟以上",
"v":"4"
},
{
"n":"30~60分钟",
"v":"3"
},
{
"n":"10~30分钟",
"v":"2"
},
{
"n":"10分钟以下",
"v":"1"
}
]
}
],
"沪教版课程":[
{
"key":"order",
"name":"排序",
"value":[
{
"n":"综合排序",
"v":"0"
},
{
"n":"最多点击",
"v":"click"
},
{
"n":"最新发布",
"v":"pubdate"
},
{
"n":"最多弹幕",
"v":"dm"
},
{
"n":"最多收藏",
"v":"stow"
}
]
},
{
"key":"tid",
"name":"年级科目",
"value":[
{
"n":"1年级语文",
"v":"沪教版1年级语文"
},
{
"n":"1年级数学",
"v":"沪教版1年级数学"
},
{
"n":"1年级英语",
"v":"沪教版1年级英语"
},
{
"n":"2年级语文",
"v":"沪教版2年级语文"
},
{
"n":"2年级数学",
"v":"沪教版2年级数学"
},
{
"n":"2年级英语",
"v":"沪教版2年级英语"
},
{
"n":"3年级语文",
"v":"沪教版3年级语文"
},
{
"n":"3年级数学",
"v":"沪教版3年级数学"
},
{
"n":"3年级英语",
"v":"沪教版3年级英语"
},
{
"n":"4年级语文",
"v":"沪教版4年级语文"
},
{
"n":"4年级数学",
"v":"沪教版4年级数学"
},
{
"n":"4年级英语",
"v":"沪教版4年级英语"
},
{
"n":"5年级语文",
"v":"沪教版5年级语文"
},
{
"n":"5年级数学",
"v":"沪教版5年级数学"
},
{
"n":"5年级英语",
"v":"沪教版5年级英语"
},
{
"n":"6年级语文",
"v":"沪教版6年级语文"
},
{
"n":"6年级数学",
"v":"沪教版6年级数学"
},
{
"n":"6年级英语",
"v":"沪教版6年级英语"
},
{
"n":"7年级语文",
"v":"沪教版7年级语文"
},
{
"n":"7年级数学",
"v":"沪教版7年级数学"
},
{
"n":"7年级英语",
"v":"沪教版7年级英语"
},
{
"n":"7年级历史",
"v":"沪教版7年级历史"
},
{
"n":"7年级地理",
"v":"沪教版7年级地理"
},
{
"n":"7年级生物",
"v":"沪教版7年级生物"
},
{
"n":"7年级物理",
"v":"沪教版7年级物理"
},
{
"n":"7年级化学",
"v":"沪教版7年级化学"
},
{
"n":"8年级语文",
"v":"沪教版8年级语文"
},
{
"n":"8年级数学",
"v":"沪教版8年级数学"
},
{
"n":"8年级英语",
"v":"沪教版8年级英语"
},
{
"n":"8年级历史",
"v":"沪教版8年级历史"
},
{
"n":"8年级地理",
"v":"沪教版8年级地理"
},
{
"n":"8年级生物",
"v":"沪教版8年级生物"
},
{
"n":"8年级物理",
"v":"沪教版8年级物理"
},
{
"n":"8年级化学",
"v":"沪教版8年级化学"
},
{
"n":"9年级语文",
"v":"沪教版9年级语文"
},
{
"n":"9年级数学",
"v":"沪教版9年级数学"
},
{
"n":"9年级英语",
"v":"沪教版9年级英语"
},
{
"n":"9年级历史",
"v":"沪教版9年级历史"
},
{
"n":"9年级地理",
"v":"沪教版9年级地理"
},
{
"n":"9年级生物",
"v":"沪教版9年级生物"
},
{
"n":"9年级物理",
"v":"沪教版9年级物理"
},
{
"n":"9年级化学",
"v":"沪教版9年级化学"
},
{
"n":"高一语文",
"v":"沪教版高一语文"
},
{
"n":"高一数学",
"v":"沪教版高一数学"
},
{
"n":"高一英语",
"v":"沪教版高一英语"
},
{
"n":"高一思想政治",
"v":"沪教版高一思想政治"
},
{
"n":"高一历史",
"v":"沪教版高一历史"
},
{
"n":"高一地理",
"v":"沪教版高一地理"
},
{
"n":"高一生物",
"v":"沪教版高一生物"
},
{
"n":"高一物理",
"v":"沪教版高一物理"
},
{
"n":"高一化学",
"v":"沪教版高一化学"
},
{
"n":"高二语文",
"v":"沪教版高二语文"
},
{
"n":"高二数学",
"v":"沪教版高二数学"
},
{
"n":"高二英语",
"v":"沪教版高二英语"
},
{
"n":"高二思想政治",
"v":"沪教版高二思想政治"
},
{
"n":"高二历史",
"v":"沪教版高二历史"
},
{
"n":"高二地理",
"v":"沪教版高二地理"
},
{
"n":"高二生物",
"v":"沪教版高二生物"
},
{
"n":"高二物理",
"v":"沪教版高二物理"
},
{
"n":"高二化学",
"v":"沪教版高二化学"
},
{
"n":"高三语文",
"v":"沪教版高三语文"
},
{
"n":"高三数学",
"v":"沪教版高三数学"
},
{
"n":"高三英语",
"v":"沪教版高三英语"
},
{
"n":"高三思想政治",
"v":"沪教版高三思想政治"
},
{
"n":"高三历史",
"v":"沪教版高三历史"
},
{
"n":"高三地理",
"v":"沪教版高三地理"
},
{
"n":"高三生物",
"v":"沪教版高三生物"
},
{
"n":"高三物理",
"v":"沪教版高三物理"
},
{
"n":"高三化学",
"v":"沪教版高三化学"
}
]
},
{
"key":"duration",
"name":"时长",
"value":[
{
"n":"全部",
"v":"0"
},
{
"n":"60分钟以上",
"v":"4"
},
{
"n":"30~60分钟",
"v":"3"
},
{
"n":"10~30分钟",
"v":"2"
},
{
"n":"10分钟以下",
"v":"1"
}
]
}
],
"北师大版课程":[
{
"key":"order",
"name":"排序",
"value":[
{
"n":"综合排序",
"v":"0"
},
{
"n":"最多点击",
"v":"click"
},
{
"n":"最新发布",
"v":"pubdate"
},
{
"n":"最多弹幕",
"v":"dm"
},
{
"n":"最多收藏",
"v":"stow"
}
]
},
{
"key":"tid",
"name":"年级科目",
"value":[
{
"n":"1年级语文",
"v":"北师大版1年级语文"
},
{
"n":"1年级数学",
"v":"北师大版1年级数学"
},
{
"n":"1年级英语",
"v":"北师大版1年级英语"
},
{
"n":"2年级语文",
"v":"北师大版2年级语文"
},
{
"n":"2年级数学",
"v":"北师大版2年级数学"
},
{
"n":"2年级英语",
"v":"北师大版2年级英语"
},
{
"n":"3年级语文",
"v":"北师大版3年级语文"
},
{
"n":"3年级数学",
"v":"北师大版3年级数学"
},
{
"n":"3年级英语",
"v":"北师大版3年级英语"
},
{
"n":"4年级语文",
"v":"北师大版4年级语文"
},
{
"n":"4年级数学",
"v":"北师大版4年级数学"
},
{
"n":"4年级英语",
"v":"北师大版4年级英语"
},
{
"n":"5年级语文",
"v":"北师大版5年级语文"
},
{
"n":"5年级数学",
"v":"北师大版5年级数学"
},
{
"n":"5年级英语",
"v":"北师大版5年级英语"
},
{
"n":"6年级语文",
"v":"北师大版6年级语文"
},
{
"n":"6年级数学",
"v":"北师大版6年级数学"
},
{
"n":"6年级英语",
"v":"北师大版6年级英语"
},
{
"n":"7年级语文",
"v":"北师大版7年级语文"
},
{
"n":"7年级数学",
"v":"北师大版7年级数学"
},
{
"n":"7年级英语",
"v":"北师大版7年级英语"
},
{
"n":"7年级历史",
"v":"北师大版7年级历史"
},
{
"n":"7年级地理",
"v":"北师大版7年级地理"
},
{
"n":"7年级生物",
"v":"北师大版7年级生物"
},
{
"n":"7年级物理",
"v":"北师大版7年级物理"
},
{
"n":"7年级化学",
"v":"北师大版7年级化学"
},
{
"n":"8年级语文",
"v":"北师大版8年级语文"
},
{
"n":"8年级数学",
"v":"北师大版8年级数学"
},
{
"n":"8年级英语",
"v":"北师大版8年级英语"
},
{
"n":"8年级历史",
"v":"北师大版8年级历史"
},
{
"n":"8年级地理",
"v":"北师大版8年级地理"
},
{
"n":"8年级生物",
"v":"北师大版8年级生物"
},
{
"n":"8年级物理",
"v":"北师大版8年级物理"
},
{
"n":"8年级化学",
"v":"北师大版8年级化学"
},
{
"n":"9年级语文",
"v":"北师大版9年级语文"
},
{
"n":"9年级数学",
"v":"北师大版9年级数学"
},
{
"n":"9年级英语",
"v":"北师大版9年级英语"
},
{
"n":"9年级历史",
"v":"北师大版9年级历史"
},
{
"n":"9年级地理",
"v":"北师大版9年级地理"
},
{
"n":"9年级生物",
"v":"北师大版9年级生物"
},
{
"n":"9年级物理",
"v":"北师大版9年级物理"
},
{
"n":"9年级化学",
"v":"北师大版9年级化学"
},
{
"n":"高一语文",
"v":"北师大版高一语文"
},
{
"n":"高一数学",
"v":"北师大版高一数学"
},
{
"n":"高一英语",
"v":"北师大版高一英语"
},
{
"n":"高一思想政治",
"v":"北师大版高一思想政治"
},
{
"n":"高一历史",
"v":"北师大版高一历史"
},
{
"n":"高一地理",
"v":"北师大版高一地理"
},
{
"n":"高一生物",
"v":"北师大版高一生物"
},
{
"n":"高一物理",
"v":"北师大版高一物理"
},
{
"n":"高一化学",
"v":"北师大版高一化学"
},
{
"n":"高二语文",
"v":"北师大版高二语文"
},
{
"n":"高二数学",
"v":"北师大版高二数学"
},
{
"n":"高二英语",
"v":"北师大版高二英语"
},
{
"n":"高二思想政治",
"v":"北师大版高二思想政治"
},
{
"n":"高二历史",
"v":"北师大版高二历史"
},
{
"n":"高二地理",
"v":"北师大版高二地理"
},
{
"n":"高二生物",
"v":"北师大版高二生物"
},
{
"n":"高二物理",
"v":"北师大版高二物理"
},
{
"n":"高二化学",
"v":"北师大版高二化学"
},
{
"n":"高三语文",
"v":"北师大版高三语文"
},
{
"n":"高三数学",
"v":"北师大版高三数学"
},
{
"n":"高三英语",
"v":"北师大版高三英语"
},
{
"n":"高三思想政治",
"v":"北师大版高三思想政治"
},
{
"n":"高三历史",
"v":"北师大版高三历史"
},
{
"n":"高三地理",
"v":"北师大版高三地理"
},
{
"n":"高三生物",
"v":"北师大版高三生物"
},
{
"n":"高三物理",
"v":"北师大版高三物理"
},
{
"n":"高三化学",
"v":"北师大版高三化学"
}
]
},
{
"key":"duration",
"name":"时长",
"value":[
{
"n":"全部",
"v":"0"
},
{
"n":"60分钟以上",
"v":"4"
},
{
"n":"30~60分钟",
"v":"3"
},
{
"n":"10~30分钟",
"v":"2"
},
{
"n":"10分钟以下",
"v":"1"
}
]
}
],
"演讲":[
{
"key":"order",
"name":"排序",
"value":[
{
"n":"综合排序",
"v":"0"
},
{
"n":"最多点击",
"v":"click"
},
{
"n":"最新发布",
"v":"pubdate"
},
{
"n":"最多弹幕",
"v":"dm"
},
{
"n":"最多收藏",
"v":"stow"
}
]
},
{
"key":"tid",
"name":"分类",
"value":[
{
"n":"全部",
"v":"全部演讲"
},
{
"n":"A艾跃进",
"v":"艾跃进演讲"
},
{
"n":"C超级演说家",
"v":"超级演说家名场面"
},
{
"n":"D电影",
"v":"电影演讲"
},
{
"n":"D典籍里的中国",
"v":"典籍里的中国"
},
{
"n":"G郭继承",
"v":"郭继承"
},
{
"n":"H华春莹",
"v":"华春莹演讲"
},
{
"n":"L雷军",
"v":"雷军演讲"
},
{
"n":"L罗翔",
"v":"罗翔演讲"
},
{
"n":"R任正非",
"v":"任正非演讲"
},
{
"n":"TED",
"v":"TED演讲"
},
{
"n":"W汪文斌",
"v":"汪文斌演讲"
},
{
"n":"Y一刻",
"v":"一刻talks"
},
{
"n":"Z赵立坚",
"v":"赵立坚演讲"
},
{
"n":"Z郑强",
"v":"郑强演讲"
}
]
},
{
"key":"duration",
"name":"时长",
"value":[
{
"n":"全部",
"v":"0"
},
{
"n":"60分钟以上",
"v":"4"
},
{
"n":"30~60分钟",
"v":"3"
},
{
"n":"10~30分钟",
"v":"2"
},
{
"n":"10分钟以下",
"v":"1"
}
]
}
],
"风景4K":[
{
"key":"order",
"name":"排序",
"value":[
{
"n":"综合排序",
"v":"0"
},
{
"n":"最多点击",
"v":"click"
},
{
"n":"最新发布",
"v":"pubdate"
},
{
"n":"最多弹幕",
"v":"dm"
},
{
"n":"最多收藏",
"v":"stow"
}
]
},
{
"key":"tid",
"name":"分类",
"value":[
{
"n":"全部",
"v":"风景4K"
},
{
"n":"A澳门",
"v":"澳门风景4K"
},
{
"n":"A安徽",
"v":"安徽风景4K"
},
{
"n":"B布达拉宫",
"v":"布达拉宫风景4K"
},
{
"n":"B北京",
"v":"北京风景4K"
},
{
"n":"C重庆",
"v":"重庆风景4K"
},
{
"n":"C草原",
"v":"草原风景4K"
},
{
"n":"D大海",
"v":"大海风景4K"
},
{
"n":"F福建",
"v":"福建风景4K"
},
{
"n":"G广东",
"v":"广东风景4K"
},
{
"n":"G广西",
"v":"广西风景4K"
},
{
"n":"G贵州",
"v":"贵州风景4K"
},
{
"n":"G甘肃",
"v":"甘肃风景4K"
},
{
"n":"H海南",
"v":"海南风景4K"
},
{
"n":"H河北",
"v":"河北风景4K"
},
{
"n":"H河南",
"v":"河南风景4K"
},
{
"n":"H湖北",
"v":"湖北风景4K"
},
{
"n":"H湖南",
"v":"湖南风景4K"
},
{
"n":"H黑龙江",
"v":"黑龙江风景4K"
},
{
"n":"J吉林",
"v":"吉林风景4K"
},
{
"n":"J江苏",
"v":"江苏风景4K"
},
{
"n":"J江西",
"v":"江西风景4K"
},
{
"n":"L辽宁",
"v":"辽宁风景4K"
},
{
"n":"M民宿",
"v":"民宿风景4K"
},
{
"n":"N内蒙古",
"v":"内蒙古风景4K"
},
{
"n":"N宁夏",
"v":"宁夏风景4K"
},
{
"n":"Q青海",
"v":"青海风景4K"
},
{
"n":"S上海",
"v":"上海风景4K"
},
{
"n":"S陕西",
"v":"陕西风景4K"
},
{
"n":"S四川",
"v":"四川风景4K"
},
{
"n":"S山西",
"v":"山西风景4K"
},
{
"n":"S山东",
"v":"山东风景4K"
},
{
"n":"T天津",
"v":"天津风景4K"
},
{
"n":"T台湾",
"v":"台湾风景4K"
},
{
"n":"T天空",
"v":"天空风景4K"
},
{
"n":"X西湖",
"v":"西湖风景4K"
},
{
"n":"X西藏",
"v":"西藏风景4K"
},
{
"n":"X新疆",
"v":"新疆风景4K"
},
{
"n":"X香港",
"v":"香港风景4K"
},
{
"n":"Y云南",
"v":"云南风景4K"
},
{
"n":"Z浙江",
"v":"浙江风景4K"
}
]
},
{
"key":"duration",
"name":"时长",
"value":[
{
"n":"全部",
"v":"0"
},
{
"n":"60分钟以上",
"v":"4"
},
{
"n":"30~60分钟",
"v":"3"
},
{
"n":"10~30分钟",
"v":"2"
},
{
"n":"10分钟以下",
"v":"1"
}
]
}
],
"儿童":[
{
"key":"order",
"name":"排序",
"value":[
{
"n":"综合排序",
"v":"0"
},
{
"n":"最多点击",
"v":"click"
},
{
"n":"最新发布",
"v":"pubdate"
},
{
"n":"最多弹幕",
"v":"dm"
},
{
"n":"最多收藏",
"v":"stow"
}
]
},
{
"key":"tid",
"name":"分类",
"value":[
{
"n":"全部",
"v":"儿童"
},
{
"n":"启蒙故事",
"v":"儿童启蒙故事"
},
{
"n":"成语故事",
"v":"儿童成语故事"
},
{
"n":"睡前故事",
"v":"儿童睡前故事"
},
{
"n":"安全教育",
"v":"儿童安全教育"
},
{
"n":"歌曲",
"v":"贝瓦儿歌"
},
{
"n":"贝乐虎",
"v":"贝乐虎"
},
{
"n":"宝宝巴士",
"v":"宝宝巴士"
},
{
"n":"动画",
"v":"儿童动画"
},
{
"n":"儿童好声音",
"v":"儿童好声音"
},
{
"n":"舞蹈",
"v":"儿童舞蹈"
},
{
"n":"绘画",
"v":"儿童绘画"
},
{
"n":"早教",
"v":"儿童早教"
},
{
"n":"英语启蒙",
"v":"儿童英语启蒙"
},
{
"n":"悟空识字",
"v":"悟空识字"
}
]
},
{
"key":"duration",
"name":"时长",
"value":[
{
"n":"全部",
"v":"0"
},
{
"n":"60分钟以上",
"v":"4"
},
{
"n":"30~60分钟",
"v":"3"
},
{
"n":"10~30分钟",
"v":"2"
},
{
"n":"10分钟以下",
"v":"1"
}
]
}
]
}
}
