{
    "规则名": "爱人",
    "规则作者": "",
    "请求头参数": "手机",
    "网页编码格式": "UTF-8",
    "图片是否需要代理": "0",
    "是否开启获取首页数据": "1",
    "首页推荐链接": "https://tv456.pw",
    "首页列表数组规则": "body&&.xb3.xl6.xm4.xs6.ul",
    "首页片单列表数组规则": ".item",
    "首页片单是否Jsoup写法": "1",
    "分类起始页码": "1",
    "分类链接": "https://tv456.pw/lm/{cateId}-{catePg}.html[firstPage=https://tv456.pw/lm/{cateId}.html]",
    "分类名称": "电影&电视剧&动漫",
    "分类名称替换词": "2&18&19",
    "分类截取模式": "1",
    "分类列表数组规则": "body&&.xb3.xl6.xm4.xs6.ul",
    "分类片单是否Jsoup写法": "1",
    "分类片单标题": "a&&title",
    "分类片单链接": "a&&href",
    "分类片单图片": ".lazy&&data-original",
    "分类片单副标题": ".time&&Text",
    "分类片单链接加前缀": "https://tv456.pw",
    "分类片单链接加后缀": "",
    "详情是否Jsoup写法": "1",
    "类型详情": "",
    "年代详情": "",
    "地区详情": "",
    "演员详情": ".myui-content__detail&&p,1&&Text!主演：",
    "简介详情": ".content&&Text",
    "线路列表数组规则": ".tab-nav&&li",
    "线路标题": "a&&Text",
    "播放列表数组规则": "body&&.tab-body.doc-democode.doc-codead0.padding",
    "选集列表数组规则": "a",
    "选集标题链接是否Jsoup写法": "1",
    "选集标题": "a&&Text",
    "选集链接": "a&&href",
    "是否反转选集序列": "0",
    "选集链接加前缀": "https://tv456.pw",
    "选集链接加后缀": "",
    "分析MacPlayer": "2",
    "是否开启手动嗅探": "0",
    "手动嗅探视频链接关键词": ".mp4#.m3u8#.flv",
    "手动嗅探视频链接过滤词": ".html#=http"
}