{
    "站名": "cableav",
    "首页": "国产",
    "分类url": "https://cableav.tv/category/{cateId}/page/{catePg}/",
   "分类": "国产&中国主播&韩国主播&自拍流出&主播福利&网红福利&91大神&JAV4K&",
   "分类值": "chinese-av-porn&chinese-live-porn&korean-live-porn&selfie-porn&private-show-porn&kol-selfie-porn&master-91porn&jav-4k",
    "二次截取": "0",
    "数组": "class=\"post-item-wrap\">&&</div>",
    "图片": "data-src=\"&&\"",
    "标题": "alt=\"&&\"",
    "副标题": "<span class=\"duration-text font-size-12 meta-font\">&&</span>",
    "链接": "href=\"&&\"",
    "链接前缀": "",
    "搜索url": "https://cableav.tv/?s={wd}",
    "搜索二次截取": "0",
    "搜索数组": "class=\"post-item-wrap\">&&</div>",
    "搜索图片": "data-src=\"&&\"",
    "搜索标题": "title=\"&&\"",
    "搜索链接": "href=\"&&\"",
    "搜索链接前缀": "",
    "影片类型":"",
    "影片年代":"",
    "影片地区":"",
    "导演":"",
    "主演":"",
    "简介":"",
    "播放数组": "vm_video_ratio_mobile\":\"16:9\",&&,\"single_media_vod_metadata",
    "播放列表": "{&&}",
    "播放标题": "source_label\":\"&&\"",
    "播放链接": "source_file\":\"&&\"",
    "嗅探词": ".m3u8",
    "过滤词": "baidu.com"

}