{
    "规则名": "https://www.60561.xyz/index.php/art/type/id/17/page/2.html",
    "规则作者": "sm",
    "请求头参数": "手机",
    "网页编码格式": "UTF-8",
    "图片是否需要代理": "0",
    "是否开启获取首页数据": "1",
    "首页推荐链接": "https://www.60561.xyz",
    "首页列表数组规则": "body&&.video-item",
    "首页片单列表数组规则": "a",
    "首页片单是否Jsoup写法": "1",
    "首页片单标题": ".video-item-title&&Text",
    "首页片单链接": "a&&href",
    "首页片单图片": "img&&src",
    "首页片单副标题": ".video-item-time&&Text",
    "首页片单链接加前缀": "https://www.60561.xyz",
    "首页片单链接加后缀": "",
    "分类起始页码": "1",
    "分类链接": "https://www.60561.xyz/index.php/art/type/id/{cateId}/page/{catePg}.html",
    "分类名称": "水果派&",
    "分类名称替换词": "17&",
    "分类截取模式": "1",
    "分类列表数组规则": "body&&.video-item",
    "分类片单是否Jsoup写法": "1",
    "分类片单标题": ".video-item-title&&Text",
    "分类片单链接": "a&&href",
    "分类片单图片": "img&&src",
    "分类片单副标题": "",
    "分类片单链接加前缀": "https://www.60561.xyz",
    "分类片单链接加后缀": "",
    "详情是否Jsoup写法": "0",
	"类型详情": "",
	"年代详情": "",
	"地区详情": "",
	"演员详情": "class=\"name\">&&</span>",
	"简介详情": "class=\"time\">&&</div>",
	"线路列表数组规则": "",
	"线路标题": "",
    "播放列表数组规则": "div.content",
    "选集列表数组规则": "iframe",
    "选集标题链接是否Jsoup写法": "0",
    "选集标题": "frameborder=\"&&\"",
    "选集链接": "src=\"/1.php?v=&&.m3u8",
    "是否反转选集序列": "0",
    "选集链接加前缀": "",
    "选集链接加后缀": ".m3u8",
    "分析MacPlayer": "0",
    "是否开启手动嗅探": "1",
    "手动嗅探视频链接关键词": ".mp4#.m3u8#.flv",
    "手动嗅探视频链接过滤词": ".html#=http"
}

	/*"播放列表数组规则": "body&&.scroll-box",
	"选集列表数组规则": "a",
	"选集标题链接是否Jsoup写法": "1",
	"选集标题": ".title&&Text",
	"选集链接": "a&&href",
	"是否反转选集序列": "0",
	"选集链接加前缀": "https://www.60561.xyz",
	"选集链接加后缀": "",
    "是否开启手动嗅探": "0",
    "手动嗅探视频链接关键词": ".mp4#.m3u8#.flv",
    "手动嗅探视频链接过滤词": ".html#=http"*/
