{    "name": "TVB",    "url": "http://www.tvyb03.com/",    "User": "空",    "shouye": "1",    "fenlei": "电影$/vod/show/id/1/page/#国剧$/vod/show/id/13/page/#港台$/vod/show/id/14/page/#日韩$/vod/show/id/15/page/#美剧$/vod/show/id/16/page/#动漫$/vod/show/id/4/page/#综艺$/vod/show/id/3/page/#",    "houzhui": ".html",    "shifouercijiequ": "0",    "jiequqian": "空",    "jiequhou": "空",    "jiequshuzuqian": "class=\"myui-vodlist__box",    "jiequshuzuhou": "</div>",    "tupianqian": "data-original=\"",    "tupianhou": "\"",    "biaotiqian": "title=\"",    "biaotihou": "\"",    "lianjieqian": "href=\"",    "lianjiehou": "\"",    "sousuoqian": "/index.php/ajax/suggest?mid=1&wd=",    "sousuohou": "&limit=500",    "sousuohouzhui": "/vod/detail/id/",    "ssmoshi": "0",    "sousuoshifouercijiequ": "0",    "jspic": "pic",    "jsname": "name",    "jsid": "id",    "ssjiequqian": "空",    "ssjiequhou": "空",    "ssjiequshuzuqian": "空",    "ssjiequshuzuhou": "空",    "sstupianqian": "空",    "sstupianhou": "空",    "ssbiaotiqian": "空",    "ssbiaotihou": "空",    "sslianjieqian": "空",    "sslianjiehou": "空",    "xlshifouercijiequ": "0",    "xljiequqian": "",    "xljiequhou": "",    "xljiequshuzuqian": "data-toggle=\"tab\"",    "xljiequshuzuhou": "/a>",    "xlbiaotiqian": ">",    "xlbiaotihou": "<",    "bfshifouercijiequ": "0",    "bfjiequqian": "空",    "bfjiequhou": "空",    "bfjiequshuzuqian": "class=\"myui-content__list scrollbar sort-list clearfix",    "bfjiequshuzuhou": "</ul>",    "zhuangtaiqian": "状态：</em>",    "zhuangtaihou": "</span>",    "daoyanqian": "导演：</span>",    "daoyanhou": "</p>",    "zhuyanqian": "主演：</span>",    "zhuyanhou": "</p>",    "juqingqian": "class=\"sketch content\">",    "juqinghou": "</span>",    "bfyshifouercijiequ": "0",    "bfyjiequqian": "空",    "bfyjiequhou": "空",    "bfyjiequshuzuqian": "<a",    "bfyjiequshuzuhou": "/a>",    "bfbiaotiqian": ">",    "bfbiaotihou": "<",    "bflianjieqian": "href=\"",    "bflianjiehou": "\""}
