{
    "规则名": "鸭鸭视频",
    "规则作者": "",
    "请求头参数": "User-Agent$PC_UA",
    "网页编码格式": "UTF-8",
    "图片是否需要代理": "0",
    "是否开启获取首页数据": "1",
    "分类起始页码": "1",
    "分类链接": "https://www.forduck07.com/searchav?k={cateId}&p={catePg}",
    "分类名称": "高清色情片&日本&俄国人&英国人&中国国产&合集&角色扮演&黑丝&校园&Cosplay&3P&卡通",
    "分类名称替换词": "高清色情片&日本&俄国人&英国人&中国国产&合集&角色扮演&黑丝&校园&Cosplay&3P&卡通",
    "分类截取模式": "1",
    "分类列表数组规则": "body&&.mozaique&&.thumb-block",
    "分类片单是否Jsoup写法": "1",
    "分类片单标题": "p&&Text",
    "分类片单链接": "a&&href",
    "分类片单图片": "img&&data-src",
    "分类片单副标题": ".video-hd-mark&&Text",
    "分类片单链接加前缀": "https://www.forduck07.com",
    "分类片单链接加后缀": "",
    "搜索请求头参数": "User-Agent$手机",
    "搜索链接": "https://1.sxyhav.xyz/index.php/ajax/suggest.html?mid=1&wd={wd}",
    "POST请求数据": "",
    "搜索截取模式": "0",
    "搜索列表数组规则": "list",
    "搜索片单是否Jsoup写法": "1",
    "搜索片单图片": "pic",
    "搜索片单标题": "name",
    "搜索片单链接": "id",
    "搜索片单副标题": "",
    "搜索片单链接加前缀": "https://1.sxyhav.xyz/index.php/vod/play/id/",
    "搜索片单链接加后缀": "/sid/1/nid/1.html",
    "详情是否Jsoup写法": "0",
    "类型详情": "类型：</span>&&</p>",
    "年代详情": "",
    "地区详情": "",
    "演员详情": "主演：</span>&&</p>",
    "简介详情": "简介：</span>&&</div>",
    "链接是否直接播放": "1",
    "直接播放链接加前缀": "",
    "直接播放链接加后缀": "",
    "直接播放直链视频请求头": "",
    "是否开启手动嗅探": "0",
    "手动嗅探视频链接关键词": ".mp4#.m3u8#.flv",
    "手动嗅探视频链接过滤词": ".html#=http"
}