{
    "规则名": "https://ayay3.com/vodplay/16053-1-1/",
    "规则作者": "sm",
    "请求头参数": "手机",
    "网页编码格式": "UTF-8",
    "图片是否需要代理": "0",
    "是否开启获取首页数据": "1",
    "首页推荐链接": "https://ayay3.com/",
    "首页列表数组规则": "body&&.colVideoList",
    "首页片单列表数组规则": ".video-elem",
    "首页片单是否Jsoup写法": "1",
    "首页片单标题": ".title&&Text",
    "首页片单链接": "a&&href",
    "首页片单图片": ".img&&style",
    "首页片单副标题": ".layer&&Text",
    "首页片单链接加前缀": "https://ayay3.com",
    "首页片单链接加后缀": "",
    "分类起始页码": "1",
    "分类链接": "https://ayay3.com/vodtype/{cateId}-{catePg}/",
    "分类名称": "日韩精品&传媒影业&国产自拍&剧情原创&动漫&三级&水果派&欧美",
    "分类名称替换词": "1&2&23&24&4&3&48&21",
    "分类截取模式": "1",
    "分类列表数组规则": "body&&.colVideoList",
    "分类片单是否Jsoup写法": "1",
    "分类片单标题": ".title&&Text",
    "分类片单链接": "a&&href",
    "分类片单图片": ".img&&style",
    "分类片单副标题": ".layer&&Text",
    "分类片单链接加前缀": "https://ayay3.com",
    "分类片单链接加后缀": "",
    "搜索请求头参数": "User-Agent$手机",
    "搜索链接": "https://ayay3.com/vodsearch/-------------/?wd={wd}",
    "POST请求数据": "",
    "搜索截取模式": "1",
    "搜索列表数组规则": "body&&.colVideoList",
    "搜索片单是否Jsoup写法": "1",
    "搜索片单图片": ".img&&style",
    "搜索片单标题": ".title&&Text",
    "搜索片单链接": "a&&href",
    "搜索片单副标题": "",
    "搜索片单链接加前缀": "https://ayay3.com",
    "搜索片单链接加后缀": "",
    "链接是否直接播放": "1",
    "直接播放链接加前缀": "",
    "直接播放链接加后缀": "",
    "直接播放直链视频请求头": "",
    "分析MacPlayer": "0",
    "是否开启手动嗅探": "1",
    "手动嗅探视频链接关键词": ".m3u8",
    "手动嗅探视频链接过滤词": "baidu.com"
}
