{
  "author":"率性而活",
  
  "homeUrl": "https://meijuchong.cc/",
  "dcVipFlag": "true",
  "dcPlayUrl": "true",
  
  "cateNode": "//div[contains(@class,'smlist_box list_m')]//a[contains(@href, 'vodtype')]",
 
  "cateName": "/@title",
  
  "cateNameR": "",
  
  "cateId": "/@href",
  
  "cateIdR": "/vodtype/(\\S+).html",
  
  "cateManual": {},

  
  "cateUrl": "https://meijuchong.cc/vodshow/{cateId}-{area}-{by}-{class}-----{catePg}---{year}.html",
  
  "cateVodNode": "//li[contains(@class,'vodlist_item')]",
  
  "cateVodName": "/a/@title",
  
  "cateVodId": "/a/@href",
  
  "cateVodIdR": "/voddetail/(\\S+).html",
  
  "cateVodImg": "/a/@data-original",
  
  "cateVodImgR": "",
  
  "cateVodMark": "//span[contains(@class,'xszxj text_right')]/text()",
  "cateVodMarkR": "",
  
  
	"dtUrl": "https://meijuchong.cc/vodplay/{vid}-1-1.html",
    // 详情节点
	"dtNode": "//body",
    // 视频名
	"dtName": "//span[contains(@class,'hl_history hide')]/@data-name",
	"dtNameR": "",
    // 视频图片
	"dtImg": "//span[contains(@class,'hl_history hide')]/@data-pic",
	"dtImgR": "\\S+(http\\S+)",
	
	"dtCate": "",
  "dtCateR": "",
  //年
  "dtYear": "//p[contains(text(),'年份')]/a[1]/text()",
  "dtYearR": "",
  //地区
  "dtArea": "//p[contains(text(),'地区')]/a[2]/text()",
  "dtAreaR": "",
  "dtMark": "",
  "dtMarkR": "",
  "dtActor": "//p[contains(text(),'主演')]/allText()",
  "dtActorR": "([^主演：]+)",
  "dtDirector": "//p[contains(text(),'导演')]/allText()",
  "dtDirectorR": "([^导演：]+)",
  //简介
  "dtDesc": "//div[@class='panel play_content']/p[3]/text()",
  "dtDescR": "([^@豆瓣]+)",
  
    // 播放源节点
	"dtFromNode": "//a[contains(text(), '量')]",
    // 播放源名称
	"dtFromName": "/text()",
    // 二次处理正则
	"dtFromNameR": "",
    // 播放列表节点
	"dtUrlNode": "//ul[contains(@class,'content_playlist list_scroll clearfix')]",
    // 播放地址节点
	"dtUrlSubNode": "/li/a",
    // 播放地址
	"dtUrlId": "/@href",
    // 二次处理正则
	"dtUrlIdR": "/vodplay/(\\S+).html",
    // 剧集名称
	"dtUrlName": "/text()",
    // 二次处理正则
	"dtUrlNameR": "",
    // 播放页面的地址 {playUrl} 对应上面 dtUrlId 获取到的地址
  "playUrl": "https://meijuchong.cc/vodplay/{playUrl}.html",
    // 解析webview的user-agent
	"playUa": "",

  
 
  "searchUrl": "http://meijuchong.cc/vodsearch/-------------.html?wd={wd}&submit=",
  //节点
  "scVodNode": "//div[contains(@class, 'searchlist_img')]",
  //名称
  "scVodName": "/a/@title",
  //地址
  "scVodId": "/a/@href",
  "scVodIdR": "/voddetail/(\\S+).html",
  //图片
  "scVodImg": "/a/@data-original",
  "scVodMark": "",
  "filter": {
    "1": [
       
      {
        "key": "class",
        "name": "类型",
        "value": [
          {
            "n": "全部",
            "v": ""
          },
          {
            "n": "科幻",
            "v": "科幻"
          },
          {
            "n": "剧情",
            "v": "剧情"
          },
          {
            "n": "喜剧",
            "v": "喜剧"
          },
          {
            "n": "悬疑",
            "v": "悬疑"
          },
          {
            "n": "历史",
            "v": "历史"
          },
          {
            "n": "家庭",
            "v": "家庭"
          },
          {
            "n": "动作",
            "v": "动作"
          },
      
          {
            "n": "动画",
            "v": "动画"
          },
          {
            "n": "真人秀",
            "v": "真人秀"
          }
         
        ]
      },
      
      {
        "key": "area",
        "name": "地区",
        "value": [
          {
            "n": "全部",
            "v": ""
          },
          
          {
            "n": "美国",
            "v": "美国"
          }
             
        ]
      },
      {
        "key": "year",
        "name": "年份",
        "value": [
          {
            "n": "全部",
            "v": ""
          },
          {
            "n": "2022",
            "v": "2022"
          },
          {
            "n": "2021",
            "v": "2021"
          },
          {
            "n": "2020",
            "v": "2020"
          },
          {
            "n": "2019",
            "v": "2019"
          },
          {
            "n": "2018",
            "v": "2018"
          },
          {
            "n": "2017",
            "v": "2017"
          },
          {
            "n": "2016",
            "v": "2016"
          },
          {
            "n": "2015",
            "v": "2015"
          },
          {
            "n": "2014",
            "v": "2014"
          },
          {
            "n": "2013",
            "v": "2013"
          },
          {
            "n": "2012",
            "v": "2012"
          },
          {
            "n": "2011",
            "v": "2011"
          },
          {
            "n": "2010",
            "v": "2010"
          },
           {
            "n": "2009",
            "v": "2009"
          },
           {
            "n": "2008",
            "v": "2008"
          },
        
           {
            "n": "2007",
            "v": "2007"
          },
           {
            "n": "2006",
            "v": "2006"
          },
           {
            "n": "2005",
            "v": "2005"
          },
          {
            "n": "2004",
            "v": "2004"
          },
          {
            "n": "2003",
            "v": "2003"
          },
          {
            "n": "2002",
            "v": "2002"
          },
          {
            "n": "2001",
            "v": "2001"
          },
          {
            "n": "2000",
            "v": "2000"
          },
          {
            "n": "1999",
            "v": "1999"
          },
          {
            "n": "1998",
            "v": "1998"
          },
          {
            "n": "1997",
            "v": "1997"
          },
          {
            "n": "1996",
            "v": "1996"
          },
          {
            "n": "1995",
            "v": "1995"
          },
          {
            "n": "1994",
            "v": "1994"
          },
          {
            "n": "1993",
            "v": "1993"
          },
          {
            "n": "1992",
            "v": "1992"
          },
          {
            "n": "1991",
            "v": "1991"
          },
          {
            "n": "1990",
            "v": "1990"
          }
        ]
      },
      
      
      {
        "key": "by",
        "name": "排序",
        "value": [
          {
            "n": "时间",
            "v": "time"
          },
          {
            "n": "人气",
            "v": "hits"
          },
          {
            "n": "评分",
            "v": "score"
          }
        ]
        
        
      }
    ],
    
    
"2": [
       
      {
        "key": "class",
        "name": "类型",
        "value": [
          {
            "n": "全部",
            "v": ""
          },
          {
            "n": "科幻",
            "v": "科幻"
          },
          {
            "n": "剧情",
            "v": "剧情"
          },
          {
            "n": "喜剧",
            "v": "喜剧"
          },
          {
            "n": "悬疑",
            "v": "悬疑"
          },
    
          {
            "n": "家庭",
            "v": "家庭"
          },
          {
            "n": "动作",
            "v": "动作"
          },
     
          {
            "n": "青春",
            "v": "青春"
          }
         
        ]
      },
      
      {
        "key": "area",
        "name": "地区",
        "value": [
          {
            "n": "全部",
            "v": ""
          },
          
          {
            "n": "英国",
            "v": "英国"
          },
          
         {
            "n": "德国",
            "v": "德国"
          },
         {
            "n": "泰国",
            "v": "泰国"
          },
          {
            "n": "印度",
            "v": "印度"
          },
          {
            "n": "俄罗斯",
            "v": "俄罗斯"
          },
          {
            "n": "土耳其",
            "v": "土耳其"
          },
          {
            "n": "墨西哥",
            "v": "墨西哥"
          },
          {
            "n": "西班牙",
            "v": "西班牙"
          },
          {
            "n": "挪威",
            "v": "挪威"
          }
        ]
      },
      {
        "key": "year",
        "name": "年份",
        "value": [
          {
            "n": "全部",
            "v": ""
          },
          {
            "n": "2022",
            "v": "2022"
          },
          {
            "n": "2021",
            "v": "2021"
          },
          {
            "n": "2020",
            "v": "2020"
          },
          {
            "n": "2019",
            "v": "2019"
          },
          {
            "n": "2018",
            "v": "2018"
          },
          {
            "n": "2017",
            "v": "2017"
          },
          {
            "n": "2016",
            "v": "2016"
          },
          {
            "n": "2015",
            "v": "2015"
          },
          {
            "n": "2014",
            "v": "2014"
          },
          {
            "n": "2013",
            "v": "2013"
          },
          {
            "n": "2012",
            "v": "2012"
          },
          {
            "n": "2011",
            "v": "2011"
          },
          {
            "n": "2010",
            "v": "2010"
          },
           {
            "n": "2009",
            "v": "2009"
          },
           {
            "n": "2008",
            "v": "2008"
          },
        
           {
            "n": "2007",
            "v": "2007"
          },
           {
            "n": "2006",
            "v": "2006"
          },
           {
            "n": "2005",
            "v": "2005"
          },
          {
            "n": "2004",
            "v": "2004"
          },
          {
            "n": "2003",
            "v": "2003"
          },
          {
            "n": "2002",
            "v": "2002"
          },
          {
            "n": "2001",
            "v": "2001"
          },
          {
            "n": "2000",
            "v": "2000"
          },
          {
            "n": "1999",
            "v": "1999"
          },
          {
            "n": "1998",
            "v": "1998"
          },
          {
            "n": "1997",
            "v": "1997"
          },
          {
            "n": "1996",
            "v": "1996"
          },
          {
            "n": "1995",
            "v": "1995"
          },
          {
            "n": "1994",
            "v": "1994"
          },
          {
            "n": "1993",
            "v": "1993"
          },
          {
            "n": "1992",
            "v": "1992"
          },
          {
            "n": "1991",
            "v": "1991"
          },
          {
            "n": "1990",
            "v": "1990"
          }
        ]
      },
      
      
      {
        "key": "by",
        "name": "排序",
        "value": [
          {
            "n": "时间",
            "v": "time"
          },
          {
            "n": "人气",
            "v": "hits"
          },
          {
            "n": "评分",
            "v": "score"
          }
        ]
        
        
      }
    ],
    
    "3": [
       
      {
        "key": "class",
        "name": "类型",
        "value": [
          {
            "n": "全部",
            "v": ""
          },
          
          {
            "n": "剧情",
            "v": "剧情"
          },
    
          {
            "n": "悬疑",
            "v": "悬疑"
          }
        ]
      },
      
      {
        "key": "area",
        "name": "地区",
        "value": [
          {
            "n": "全部",
            "v": ""
          },
          
          {
            "n": "日本",
            "v": "日本"
          },
          
         {
            "n": "韩国",
            "v": "韩国"
          }
        ]
      },
      {
        "key": "year",
        "name": "年份",
        "value": [
          {
            "n": "全部",
            "v": ""
          },
          {
            "n": "2022",
            "v": "2022"
          },
          {
            "n": "2021",
            "v": "2021"
          },
          {
            "n": "2020",
            "v": "2020"
          },
          {
            "n": "2019",
            "v": "2019"
          },
          {
            "n": "2018",
            "v": "2018"
          },
          {
            "n": "2017",
            "v": "2017"
          },
          {
            "n": "2016",
            "v": "2016"
          },
          {
            "n": "2015",
            "v": "2015"
          },
          {
            "n": "2014",
            "v": "2014"
          },
          {
            "n": "2013",
            "v": "2013"
          },
          {
            "n": "2012",
            "v": "2012"
          },
          {
            "n": "2011",
            "v": "2011"
          },
          {
            "n": "2010",
            "v": "2010"
          },
           {
            "n": "2009",
            "v": "2009"
          },
           {
            "n": "2008",
            "v": "2008"
          },
        
           {
            "n": "2007",
            "v": "2007"
          },
           {
            "n": "2006",
            "v": "2006"
          },
           {
            "n": "2005",
            "v": "2005"
          },
          {
            "n": "2004",
            "v": "2004"
          },
          {
            "n": "2003",
            "v": "2003"
          },
          {
            "n": "2002",
            "v": "2002"
          },
          {
            "n": "2001",
            "v": "2001"
          },
          {
            "n": "2000",
            "v": "2000"
          },
          {
            "n": "1999",
            "v": "1999"
          },
          {
            "n": "1998",
            "v": "1998"
          },
          {
            "n": "1997",
            "v": "1997"
          },
          {
            "n": "1996",
            "v": "1996"
          },
          {
            "n": "1995",
            "v": "1995"
          },
          {
            "n": "1994",
            "v": "1994"
          },
          {
            "n": "1993",
            "v": "1993"
          },
          {
            "n": "1992",
            "v": "1992"
          },
          {
            "n": "1991",
            "v": "1991"
          },
          {
            "n": "1990",
            "v": "1990"
          }
        ]
      },
      
      
      {
        "key": "by",
        "name": "排序",
        "value": [
          {
            "n": "时间",
            "v": "time"
          },
          {
            "n": "人气",
            "v": "hits"
          },
          {
            "n": "评分",
            "v": "score"
          }
        ]
        
        
      }
    ],
    
"4": [
       
      {
        "key": "class",
        "name": "类型",
        "value": [
          {
            "n": "全部",
            "v": ""
          },
          {
            "n": "动作",
            "v": "动作"
          },
          {
            "n": "科幻",
            "v": "科幻"
          },
          {
            "n": "喜剧",
            "v": "喜剧"
          },
          {
            "n": "惊悚",
            "v": "惊悚"
          },
    
          {
            "n": "剧情",
            "v": "剧情"
          }
         
        ]
      },
      
      {
        "key": "area",
        "name": "地区",
        "value": [
          {
            "n": "全部",
            "v": ""
          },
          
          {
            "n": "美国",
            "v": "美国"
          },
          
         {
            "n": "英国",
            "v": "英国"
          },
         {
            "n": "印度",
            "v": "印度"
          },
          {
            "n": "法国",
            "v": "法国"
          },
          {
            "n": "加拿大",
            "v": "加拿大"
          }
        ]
      },
      {
        "key": "year",
        "name": "年份",
        "value": [
          {
            "n": "全部",
            "v": ""
          },
          {
            "n": "2022",
            "v": "2022"
          },
          {
            "n": "2021",
            "v": "2021"
          },
          {
            "n": "2020",
            "v": "2020"
          },
          {
            "n": "2019",
            "v": "2019"
          },
          {
            "n": "2018",
            "v": "2018"
          },
          {
            "n": "2017",
            "v": "2017"
          },
          {
            "n": "2016",
            "v": "2016"
          },
          {
            "n": "2015",
            "v": "2015"
          },
          {
            "n": "2014",
            "v": "2014"
          },
          {
            "n": "2013",
            "v": "2013"
          },
          {
            "n": "2012",
            "v": "2012"
          },
          {
            "n": "2011",
            "v": "2011"
          },
          {
            "n": "2010",
            "v": "2010"
          },
           {
            "n": "2009",
            "v": "2009"
          },
           {
            "n": "2008",
            "v": "2008"
          },
        
           {
            "n": "2007",
            "v": "2007"
          },
           {
            "n": "2006",
            "v": "2006"
          },
           {
            "n": "2005",
            "v": "2005"
          },
          {
            "n": "2004",
            "v": "2004"
          },
          {
            "n": "2003",
            "v": "2003"
          },
          {
            "n": "2002",
            "v": "2002"
          },
          {
            "n": "2001",
            "v": "2001"
          },
          {
            "n": "2000",
            "v": "2000"
          },
          {
            "n": "1999",
            "v": "1999"
          },
          {
            "n": "1998",
            "v": "1998"
          },
          {
            "n": "1997",
            "v": "1997"
          },
          {
            "n": "1996",
            "v": "1996"
          },
          {
            "n": "1995",
            "v": "1995"
          },
          {
            "n": "1994",
            "v": "1994"
          },
          {
            "n": "1993",
            "v": "1993"
          },
          {
            "n": "1992",
            "v": "1992"
          },
          {
            "n": "1991",
            "v": "1991"
          },
          {
            "n": "1990",
            "v": "1990"
          }
        ]
      },
      
      
      {
        "key": "by",
        "name": "排序",
        "value": [
          {
            "n": "时间",
            "v": "time"
          },
          {
            "n": "人气",
            "v": "hits"
          },
          {
            "n": "评分",
            "v": "score"
          }
        ]
        
        
      }
    ],
    
"6": [
       
      
      {
        "key": "area",
        "name": "地区",
        "value": [
          {
            "n": "全部",
            "v": ""
          },
          
          {
            "n": "美国",
            "v": "美国"
          },
          
         {
            "n": "英国",
            "v": "英国"
          },
         {
            "n": "印度",
            "v": "印度"
          },
          {
            "n": "法国",
            "v": "法国"
          },
          {
            "n": "加拿大",
            "v": "加拿大"
          }
        ]
      },
      {
        "key": "year",
        "name": "年份",
        "value": [
          {
            "n": "全部",
            "v": ""
          },
          {
            "n": "2022",
            "v": "2022"
          },
          {
            "n": "2021",
            "v": "2021"
          },
          {
            "n": "2020",
            "v": "2020"
          },
          {
            "n": "2019",
            "v": "2019"
          },
          {
            "n": "2018",
            "v": "2018"
          },
          {
            "n": "2017",
            "v": "2017"
          },
          {
            "n": "2016",
            "v": "2016"
          },
          {
            "n": "2015",
            "v": "2015"
          },
          {
            "n": "2014",
            "v": "2014"
          },
          {
            "n": "2013",
            "v": "2013"
          },
          {
            "n": "2012",
            "v": "2012"
          },
          {
            "n": "2011",
            "v": "2011"
          },
          {
            "n": "2010",
            "v": "2010"
          },
           {
            "n": "2009",
            "v": "2009"
          },
           {
            "n": "2008",
            "v": "2008"
          },
        
           {
            "n": "2007",
            "v": "2007"
          },
           {
            "n": "2006",
            "v": "2006"
          },
           {
            "n": "2005",
            "v": "2005"
          },
          {
            "n": "2004",
            "v": "2004"
          },
          {
            "n": "2003",
            "v": "2003"
          },
          {
            "n": "2002",
            "v": "2002"
          },
          {
            "n": "2001",
            "v": "2001"
          },
          {
            "n": "2000",
            "v": "2000"
          },
          {
            "n": "1999",
            "v": "1999"
          },
          {
            "n": "1998",
            "v": "1998"
          },
          {
            "n": "1997",
            "v": "1997"
          },
          {
            "n": "1996",
            "v": "1996"
          },
          {
            "n": "1995",
            "v": "1995"
          },
          {
            "n": "1994",
            "v": "1994"
          },
          {
            "n": "1993",
            "v": "1993"
          },
          {
            "n": "1992",
            "v": "1992"
          },
          {
            "n": "1991",
            "v": "1991"
          },
          {
            "n": "1990",
            "v": "1990"
          }
        ]
      },
      
      
      {
        "key": "by",
        "name": "排序",
        "value": [
          {
            "n": "时间",
            "v": "time"
          },
          {
            "n": "人气",
            "v": "hits"
          },
          {
            "n": "评分",
            "v": "score"
          }
        ]
        
        
      }
    ]
  }
}
