{
"站名": "3影院",
"主页url": "https://yindb6.xyz/",
"请求头": "",
"头部集合": "User-Agent$Mozilla/5.0 (iPhone; CPU iPhone OS 13_2_3 like Mac OS X) AppleWebKit/605.1.15 (KHTML, like Gecko) Version/13.0.3 Mobile/15E148 Safari/604.1#Referer$https://yindb6.xyz/",
"热门推荐": "",
"起始页": "1",
"直接播放": "0",
"倒序播放": "0",
"图片代理": "0",
"二次截取": "<ul class=\"stui-vodlist clearfix&&</ul>",
"数组": "<a&&class=\"stui-vodlist__detail",
"图片": "src=\"&&\"",
"标题": "title=\"&&\"",
"副标题": "class=\"pic-text text-right\">&&</span>",
"链接": "href=\"&&\"",
"链接前缀": "https://yindb6.xyz",

"线路二次截取": "",
"线路数组": "",
"线路标题": "",
"线路链接": "",
"影片类型": "类型：</span>&&</p>",
"影片年代": "年份：</span>&&</p>",
"影片地区": "地区：</span>&&</p>",
"导演": "导演：</span>&&</p>",
"主演": "演员：</span>&&</p>",
"简介": "简介：</span>&&</span>",

"搜索url": "https://yindb6.xyz/index.php/vod/search/page/{catePg}/wd/{wd}.html",
"搜索模式": "1",
"搜索二次截取": "",
"搜索数组": "class=\"thumb&&</div>",
"搜索图片": "src=\"&&\"",
"搜索标题": "title=\"&&\"",
"搜索副标题": "<span class=\"pic-text text-right\">&&</span>",
"搜索链接": "href=\"&&\"",
"搜索链接前缀": "https://yindb6.xyz",

"播放二次截取": "class=\"play-btn clearfix&&class=\"search-cloud1",
"播放数组": "</div&&/div>",
"列表二次截取": "",
"播放列表": "<a&&/a>",
"播放标题": ">&&<",
"播放链接": "href=\"&&\"",
"播放链接前缀": "https://yindb6.xyz",
"播放链接后缀": "",
"免嗅": "1",
"嗅探词":"",
"过滤词":"",
"播放请求头": "User-Agent$Mozilla/5.0 (iPhone; CPU iPhone OS 13_2_3 like Mac OS X) AppleWebKit/605.1.15 (KHTML, like Gecko) Version/13.0.3 Mobile/15E148 Safari/604.1#Referer$https://yindb6.xyz/",
"分类url": "https://yindb6.xyz/index.php/vod/type/id/{cateId}/page/{catePg}.html",
"分类": "",
"分类二次截取": "<ul class=\"primary\">&&</ul>",
"分类数组": "<li&&</li>",
"分类标题": ">&&</a>",
"分类ID": "<a href=\"/index.php/vod/type/id/&&.html",
"类型": "",
"剧情": "",
"地区": "",
"年份": "",
"排序": "",
"筛选": ""
}