{
  "author":"率性而活",
  
  "homeUrl": "https://dy18.fun",
  //"dcVipFlag": "true",
  //"dcPlayUrl": "true",
  
  "cateNode": "",
 
  "cateName": "",
  
  "cateNameR": "",
  
  "cateId": "",
  
  "cateIdR": "",
  
  "cateManual": {"电影": "1","剧集": "2","综艺": "3","动漫": "4"
  },

  
  "cateUrl": "https://dy18.fun/_next/data/3FZxXxd2JEjp7eVFXEcvR/zh-CN/catalog.json?column={cateId}&page={catePg}",
  
  

  
  "cateVodNode": "json:JsonR",
//正则出list-json数据

  "cateVodJsonR": "((?<=\"data\":).*?(?=,\"from))",
  
  "cateVodName": "name",
  
  "cateVodId": "id",
  
  "cateVodIdR": "",
  
  "cateVodImg": "cover",
  
  "cateVodImgR": "",
  
  "cateVodMark": "tag",
  "cateVodMarkR": "",
  
  
	"dtUrl": "https://dy18.fun/detail/{vid}",
	//https://hei19.com/_next/data/bC8yL19VrCpGVryrqJF4X/zh-CN/detail/{vid}.json?r_id={vid}
    // 详情节点
	"dtNode": "//body",
    // 视频名
	"dtName": "//div[contains(@class,'detail-container')]//h1/text()",
	"dtNameR": "",
    // 视频图片
	"dtImg": "//div[contains(@class,'detail-container')]//div[contains(@class,'content-top') and contains(@style,'http')]/@style",
	"dtImgR": "(http.*[webp|jpeg])",
	
	"dtCate": "//div[contains(text(),'类型')]/text()",
  "dtCateR": "([^类型：]+)",
  //年
  "dtYear": "//div[contains(text(),'年代')]/text()",
  "dtYearR": "([^年代：]+)",
  //地区
  "dtArea": "//div[contains(text(),'地区')]/text()",
  "dtAreaR": "([^地区：]+)",
  "dtMark": "",
  "dtMarkR": "",
  "dtActor": "//div[contains(text(),'演员')]/allText()",
  "dtActorR": "([^演员：]+)",
  "dtDirector": "//div[contains(text(),'导演')]/allText()",
  "dtDirectorR": "([^导演：]+)",
  //简介
  "dtDesc": "//div[contains(text(),'简介')]/text()",
  "dtDescR": "([^简介]+)",
  
    // 播放源节点
	"dtFromNode": "//button[contains(@class,'btn-play')]",
    // 播放源名称
	"dtFromName": "/text()",
    // 二次处理正则
	"dtFromNameR": "",
    // 播放列表节点
    "dtUrl2": "https://dy18.fun/_next/data/3FZxXxd2JEjp7eVFXEcvR/zh-CN/detail/{vid}.json?r_id={vid}",
	"dtUrlNode": "json:JsonR",
	////script[contains(@id,'NEXT')]
    // 播放地址节点
    "dtJsonR": "((?<=data\":).*?(?=\\}\\}\\,\"recom))",
	"dtUrlSubNode": "",
    // 播放地址
	"dtUrlId": "url",
    
    // 二次处理正则
	"dtUrlIdR": "",
    // 剧集名称
	"dtUrlName": "episode",
    // 二次处理正则
	"dtUrlNameR": "",
    // 播放页面的地址 {playUrl} 对应上面 dtUrlId 获取到的地址
  "playUrl": "{playUrl}",
    // 解析webview的user-agent
	"playUa": "",

  
 
  "searchUrl": "https://dy18.fun/search?type=1&keywords={wd}",
  //节点
  "scVodNode": "//section/a",
  //名称
  "scVodName": "/@title",
  //地址
  "scVodId": "/@href",
  "scVodIdR": "/detail/(\\S+)",
  //图片
  "scVodImg": "//img/@src",
  "scVodMark": "",
  "filter": {
    "1": [
       
      {
        "key": "class",
        "name": "类型",
        "value": [
          {
            "n": "全部",
            "v": ""
          },
          {
            "n": "科幻",
            "v": "科幻"
          },
          {
            "n": "剧情",
            "v": "剧情"
          },
          {
            "n": "喜剧",
            "v": "喜剧"
          },
          {
            "n": "悬疑",
            "v": "悬疑"
          },
          {
            "n": "历史",
            "v": "历史"
          },
          {
            "n": "家庭",
            "v": "家庭"
          },
          {
            "n": "动作",
            "v": "动作"
          },
      
          {
            "n": "动画",
            "v": "动画"
          },
          {
            "n": "真人秀",
            "v": "真人秀"
          }
         
        ]
      },
      
      {
        "key": "area",
        "name": "地区",
        "value": [
          {
            "n": "全部",
            "v": ""
          },
          
          {
            "n": "美国",
            "v": "美国"
          }
             
        ]
      },
      {
        "key": "year",
        "name": "年份",
        "value": [
          {
            "n": "全部",
            "v": ""
          },
          {
            "n": "2022",
            "v": "2022"
          },
          {
            "n": "2021",
            "v": "2021"
          },
          {
            "n": "2020",
            "v": "2020"
          },
          {
            "n": "2019",
            "v": "2019"
          },
          {
            "n": "2018",
            "v": "2018"
          },
          {
            "n": "2017",
            "v": "2017"
          },
          {
            "n": "2016",
            "v": "2016"
          },
          {
            "n": "2015",
            "v": "2015"
          },
          {
            "n": "2014",
            "v": "2014"
          },
          {
            "n": "2013",
            "v": "2013"
          },
          {
            "n": "2012",
            "v": "2012"
          },
          {
            "n": "2011",
            "v": "2011"
          },
          {
            "n": "2010",
            "v": "2010"
          },
           {
            "n": "2009",
            "v": "2009"
          },
           {
            "n": "2008",
            "v": "2008"
          },
        
           {
            "n": "2007",
            "v": "2007"
          },
           {
            "n": "2006",
            "v": "2006"
          },
           {
            "n": "2005",
            "v": "2005"
          },
          {
            "n": "2004",
            "v": "2004"
          },
          {
            "n": "2003",
            "v": "2003"
          },
          {
            "n": "2002",
            "v": "2002"
          },
          {
            "n": "2001",
            "v": "2001"
          },
          {
            "n": "2000",
            "v": "2000"
          },
          {
            "n": "1999",
            "v": "1999"
          },
          {
            "n": "1998",
            "v": "1998"
          },
          {
            "n": "1997",
            "v": "1997"
          },
          {
            "n": "1996",
            "v": "1996"
          },
          {
            "n": "1995",
            "v": "1995"
          },
          {
            "n": "1994",
            "v": "1994"
          },
          {
            "n": "1993",
            "v": "1993"
          },
          {
            "n": "1992",
            "v": "1992"
          },
          {
            "n": "1991",
            "v": "1991"
          },
          {
            "n": "1990",
            "v": "1990"
          }
        ]
      },
      
      
      {
        "key": "by",
        "name": "排序",
        "value": [
          {
            "n": "时间",
            "v": "time"
          },
          {
            "n": "人气",
            "v": "hits"
          },
          {
            "n": "评分",
            "v": "score"
          }
        ]
        
        
      }
    ],
    
    
"2": [
       
      {
        "key": "class",
        "name": "类型",
        "value": [
          {
            "n": "全部",
            "v": ""
          },
          {
            "n": "科幻",
            "v": "科幻"
          },
          {
            "n": "剧情",
            "v": "剧情"
          },
          {
            "n": "喜剧",
            "v": "喜剧"
          },
          {
            "n": "悬疑",
            "v": "悬疑"
          },
    
          {
            "n": "家庭",
            "v": "家庭"
          },
          {
            "n": "动作",
            "v": "动作"
          },
     
          {
            "n": "青春",
            "v": "青春"
          }
         
        ]
      },
      
      {
        "key": "area",
        "name": "地区",
        "value": [
          {
            "n": "全部",
            "v": ""
          },
          
          {
            "n": "英国",
            "v": "英国"
          },
          
         {
            "n": "德国",
            "v": "德国"
          },
         {
            "n": "泰国",
            "v": "泰国"
          },
          {
            "n": "印度",
            "v": "印度"
          },
          {
            "n": "俄罗斯",
            "v": "俄罗斯"
          },
          {
            "n": "土耳其",
            "v": "土耳其"
          },
          {
            "n": "墨西哥",
            "v": "墨西哥"
          },
          {
            "n": "西班牙",
            "v": "西班牙"
          },
          {
            "n": "挪威",
            "v": "挪威"
          }
        ]
      },
      {
        "key": "year",
        "name": "年份",
        "value": [
          {
            "n": "全部",
            "v": ""
          },
          {
            "n": "2022",
            "v": "2022"
          },
          {
            "n": "2021",
            "v": "2021"
          },
          {
            "n": "2020",
            "v": "2020"
          },
          {
            "n": "2019",
            "v": "2019"
          },
          {
            "n": "2018",
            "v": "2018"
          },
          {
            "n": "2017",
            "v": "2017"
          },
          {
            "n": "2016",
            "v": "2016"
          },
          {
            "n": "2015",
            "v": "2015"
          },
          {
            "n": "2014",
            "v": "2014"
          },
          {
            "n": "2013",
            "v": "2013"
          },
          {
            "n": "2012",
            "v": "2012"
          },
          {
            "n": "2011",
            "v": "2011"
          },
          {
            "n": "2010",
            "v": "2010"
          },
           {
            "n": "2009",
            "v": "2009"
          },
           {
            "n": "2008",
            "v": "2008"
          },
        
           {
            "n": "2007",
            "v": "2007"
          },
           {
            "n": "2006",
            "v": "2006"
          },
           {
            "n": "2005",
            "v": "2005"
          },
          {
            "n": "2004",
            "v": "2004"
          },
          {
            "n": "2003",
            "v": "2003"
          },
          {
            "n": "2002",
            "v": "2002"
          },
          {
            "n": "2001",
            "v": "2001"
          },
          {
            "n": "2000",
            "v": "2000"
          },
          {
            "n": "1999",
            "v": "1999"
          },
          {
            "n": "1998",
            "v": "1998"
          },
          {
            "n": "1997",
            "v": "1997"
          },
          {
            "n": "1996",
            "v": "1996"
          },
          {
            "n": "1995",
            "v": "1995"
          },
          {
            "n": "1994",
            "v": "1994"
          },
          {
            "n": "1993",
            "v": "1993"
          },
          {
            "n": "1992",
            "v": "1992"
          },
          {
            "n": "1991",
            "v": "1991"
          },
          {
            "n": "1990",
            "v": "1990"
          }
        ]
      },
      
      
      {
        "key": "by",
        "name": "排序",
        "value": [
          {
            "n": "时间",
            "v": "time"
          },
          {
            "n": "人气",
            "v": "hits"
          },
          {
            "n": "评分",
            "v": "score"
          }
        ]
        
        
      }
    ],
    
    "3": [
       
      {
        "key": "class",
        "name": "类型",
        "value": [
          {
            "n": "全部",
            "v": ""
          },
          
          {
            "n": "剧情",
            "v": "剧情"
          },
    
          {
            "n": "悬疑",
            "v": "悬疑"
          }
        ]
      },
      
      {
        "key": "area",
        "name": "地区",
        "value": [
          {
            "n": "全部",
            "v": ""
          },
          
          {
            "n": "日本",
            "v": "日本"
          },
          
         {
            "n": "韩国",
            "v": "韩国"
          }
        ]
      },
      {
        "key": "year",
        "name": "年份",
        "value": [
          {
            "n": "全部",
            "v": ""
          },
          {
            "n": "2022",
            "v": "2022"
          },
          {
            "n": "2021",
            "v": "2021"
          },
          {
            "n": "2020",
            "v": "2020"
          },
          {
            "n": "2019",
            "v": "2019"
          },
          {
            "n": "2018",
            "v": "2018"
          },
          {
            "n": "2017",
            "v": "2017"
          },
          {
            "n": "2016",
            "v": "2016"
          },
          {
            "n": "2015",
            "v": "2015"
          },
          {
            "n": "2014",
            "v": "2014"
          },
          {
            "n": "2013",
            "v": "2013"
          },
          {
            "n": "2012",
            "v": "2012"
          },
          {
            "n": "2011",
            "v": "2011"
          },
          {
            "n": "2010",
            "v": "2010"
          },
           {
            "n": "2009",
            "v": "2009"
          },
           {
            "n": "2008",
            "v": "2008"
          },
        
           {
            "n": "2007",
            "v": "2007"
          },
           {
            "n": "2006",
            "v": "2006"
          },
           {
            "n": "2005",
            "v": "2005"
          },
          {
            "n": "2004",
            "v": "2004"
          },
          {
            "n": "2003",
            "v": "2003"
          },
          {
            "n": "2002",
            "v": "2002"
          },
          {
            "n": "2001",
            "v": "2001"
          },
          {
            "n": "2000",
            "v": "2000"
          },
          {
            "n": "1999",
            "v": "1999"
          },
          {
            "n": "1998",
            "v": "1998"
          },
          {
            "n": "1997",
            "v": "1997"
          },
          {
            "n": "1996",
            "v": "1996"
          },
          {
            "n": "1995",
            "v": "1995"
          },
          {
            "n": "1994",
            "v": "1994"
          },
          {
            "n": "1993",
            "v": "1993"
          },
          {
            "n": "1992",
            "v": "1992"
          },
          {
            "n": "1991",
            "v": "1991"
          },
          {
            "n": "1990",
            "v": "1990"
          }
        ]
      },
      
      
      {
        "key": "by",
        "name": "排序",
        "value": [
          {
            "n": "时间",
            "v": "time"
          },
          {
            "n": "人气",
            "v": "hits"
          },
          {
            "n": "评分",
            "v": "score"
          }
        ]
        
        
      }
    ],
    
"4": [
       
      {
        "key": "class",
        "name": "类型",
        "value": [
          {
            "n": "全部",
            "v": ""
          },
          {
            "n": "动作",
            "v": "动作"
          },
          {
            "n": "科幻",
            "v": "科幻"
          },
          {
            "n": "喜剧",
            "v": "喜剧"
          },
          {
            "n": "惊悚",
            "v": "惊悚"
          },
    
          {
            "n": "剧情",
            "v": "剧情"
          }
         
        ]
      },
      
      {
        "key": "area",
        "name": "地区",
        "value": [
          {
            "n": "全部",
            "v": ""
          },
          
          {
            "n": "美国",
            "v": "美国"
          },
          
         {
            "n": "英国",
            "v": "英国"
          },
         {
            "n": "印度",
            "v": "印度"
          },
          {
            "n": "法国",
            "v": "法国"
          },
          {
            "n": "加拿大",
            "v": "加拿大"
          }
        ]
      },
      {
        "key": "year",
        "name": "年份",
        "value": [
          {
            "n": "全部",
            "v": ""
          },
          {
            "n": "2022",
            "v": "2022"
          },
          {
            "n": "2021",
            "v": "2021"
          },
          {
            "n": "2020",
            "v": "2020"
          },
          {
            "n": "2019",
            "v": "2019"
          },
          {
            "n": "2018",
            "v": "2018"
          },
          {
            "n": "2017",
            "v": "2017"
          },
          {
            "n": "2016",
            "v": "2016"
          },
          {
            "n": "2015",
            "v": "2015"
          },
          {
            "n": "2014",
            "v": "2014"
          },
          {
            "n": "2013",
            "v": "2013"
          },
          {
            "n": "2012",
            "v": "2012"
          },
          {
            "n": "2011",
            "v": "2011"
          },
          {
            "n": "2010",
            "v": "2010"
          },
           {
            "n": "2009",
            "v": "2009"
          },
           {
            "n": "2008",
            "v": "2008"
          },
        
           {
            "n": "2007",
            "v": "2007"
          },
           {
            "n": "2006",
            "v": "2006"
          },
           {
            "n": "2005",
            "v": "2005"
          },
          {
            "n": "2004",
            "v": "2004"
          },
          {
            "n": "2003",
            "v": "2003"
          },
          {
            "n": "2002",
            "v": "2002"
          },
          {
            "n": "2001",
            "v": "2001"
          },
          {
            "n": "2000",
            "v": "2000"
          },
          {
            "n": "1999",
            "v": "1999"
          },
          {
            "n": "1998",
            "v": "1998"
          },
          {
            "n": "1997",
            "v": "1997"
          },
          {
            "n": "1996",
            "v": "1996"
          },
          {
            "n": "1995",
            "v": "1995"
          },
          {
            "n": "1994",
            "v": "1994"
          },
          {
            "n": "1993",
            "v": "1993"
          },
          {
            "n": "1992",
            "v": "1992"
          },
          {
            "n": "1991",
            "v": "1991"
          },
          {
            "n": "1990",
            "v": "1990"
          }
        ]
      },
      
      
      {
        "key": "by",
        "name": "排序",
        "value": [
          {
            "n": "时间",
            "v": "time"
          },
          {
            "n": "人气",
            "v": "hits"
          },
          {
            "n": "评分",
            "v": "score"
          }
        ]
        
        
      }
    ],
    
"6": [
       
      
      {
        "key": "area",
        "name": "地区",
        "value": [
          {
            "n": "全部",
            "v": ""
          },
          
          {
            "n": "美国",
            "v": "美国"
          },
          
         {
            "n": "英国",
            "v": "英国"
          },
         {
            "n": "印度",
            "v": "印度"
          },
          {
            "n": "法国",
            "v": "法国"
          },
          {
            "n": "加拿大",
            "v": "加拿大"
          }
        ]
      },
      {
        "key": "year",
        "name": "年份",
        "value": [
          {
            "n": "全部",
            "v": ""
          },
          {
            "n": "2022",
            "v": "2022"
          },
          {
            "n": "2021",
            "v": "2021"
          },
          {
            "n": "2020",
            "v": "2020"
          },
          {
            "n": "2019",
            "v": "2019"
          },
          {
            "n": "2018",
            "v": "2018"
          },
          {
            "n": "2017",
            "v": "2017"
          },
          {
            "n": "2016",
            "v": "2016"
          },
          {
            "n": "2015",
            "v": "2015"
          },
          {
            "n": "2014",
            "v": "2014"
          },
          {
            "n": "2013",
            "v": "2013"
          },
          {
            "n": "2012",
            "v": "2012"
          },
          {
            "n": "2011",
            "v": "2011"
          },
          {
            "n": "2010",
            "v": "2010"
          },
           {
            "n": "2009",
            "v": "2009"
          },
           {
            "n": "2008",
            "v": "2008"
          },
        
           {
            "n": "2007",
            "v": "2007"
          },
           {
            "n": "2006",
            "v": "2006"
          },
           {
            "n": "2005",
            "v": "2005"
          },
          {
            "n": "2004",
            "v": "2004"
          },
          {
            "n": "2003",
            "v": "2003"
          },
          {
            "n": "2002",
            "v": "2002"
          },
          {
            "n": "2001",
            "v": "2001"
          },
          {
            "n": "2000",
            "v": "2000"
          },
          {
            "n": "1999",
            "v": "1999"
          },
          {
            "n": "1998",
            "v": "1998"
          },
          {
            "n": "1997",
            "v": "1997"
          },
          {
            "n": "1996",
            "v": "1996"
          },
          {
            "n": "1995",
            "v": "1995"
          },
          {
            "n": "1994",
            "v": "1994"
          },
          {
            "n": "1993",
            "v": "1993"
          },
          {
            "n": "1992",
            "v": "1992"
          },
          {
            "n": "1991",
            "v": "1991"
          },
          {
            "n": "1990",
            "v": "1990"
          }
        ]
      },
      
      
      {
        "key": "by",
        "name": "排序",
        "value": [
          {
            "n": "时间",
            "v": "time"
          },
          {
            "n": "人气",
            "v": "hits"
          },
          {
            "n": "评分",
            "v": "score"
          }
        ]
        
        
      }
    ]
  }
}


