{
"spider":"./jar/fan.txt;md5;e5d54e7f113a9eb29a7ff6bbebe7eca9",
"lives":[{"name":"初秋语•综合","type":0,"url":"./list.txt","epg":"http://epg.51zmt.top:8000/api/diyp/?ch={name}&date={date}","logo":"https://epg.112114.xyz/logo/{name}.png"},
{"name":"宝盒•综合","type":0,"url":"http://telegram-feiyangdigital.v1.mk","epg":"http://epg.51zmt.top:8000/api/diyp/?ch={name}&date={date}","logo":"https://epg.112114.xyz/logo/{name}.png"},
{"name":"FongMi•综合","type":1,"url":"https://gh-proxy.com/https://raw.githubusercontent.com/FongMi/CatVodSpider/main/json/live.json","epg":"http://epg.51zmt.top:8000/api/diyp/?ch={name}&date={date}","logo":"https://epg.112114.xyz/logo/{name}.png"},
{"name":"YanG•综合","type":0,"url":"https://gh-proxy.com/https://raw.githubusercontent.com/YanG-1989/m3u/main/Gather.m3u","epg":"http://epg.51zmt.top:8000/api/diyp/?ch={name}&date={date}","logo":"https://epg.112114.xyz/logo/{name}.png"},
{"name":"肥猫•综合","type":0,"url":"http://我不是.肥猫.love:63/TV/zb.txt","epg":"http://epg.51zmt.top:8000/api/diyp/?ch={name}&date={date}","logo":"https://epg.112114.xyz/logo/{name}.png"},
{"name":"YanG•斗鱼","type":0,"url":"https://gh-proxy.com/https://raw.githubusercontent.com/YanG-1989/m3u/main/yu.m3u"},
{"name":"YanG•虎牙","type":0,"url":"https://gh-proxy.com/https://raw.githubusercontent.com/YanG-1989/m3u/main/ya.m3u"},
{"name":"初秋语•哔哩","type":0,"url":"./bili.m3u"},
{"name":"YuanHsing•油管","type":0,"url":"https://gh-proxy.com/https://raw.githubusercontent.com/YuanHsing/YouTube_to_m3u/main/youtube.m3u"}
],
"wallpaper":"https://jianbian.chuqiuyu.tk",
"sites":[
{"key":"drpy_js_豆瓣","name":"搜索 | 豆瓣[js]","type":3,"api":"./lib/drpy2.min.js","ext":"./js/drpy.js"},

{"key":"csp_kuaikan","name":"快看┃App","type":3,"api":"csp_Kuaikan","m3u8ads": "hd.youyhn.com","searchable":1,"quickSearch":1,"filterable":1},
{"key":"csp_YQKAPP","name":"一起看┃App","type":3,"api":"csp_YQKAPP","playerType":2,"m3u8ads": "hd.youyhn.com","searchable":1,"quickSearch":1,"filterable":1,"ext":"https://api-tx.shumaxc.xyz"},
{"key":"csp_AppTT","name":"图图┃App","type":3,"api":"csp_AppTT","m3u8ads": "hd.youyhn.com","searchable":1,"quickSearch":1,"filterable":1,"ext":"tv$$$dlJYWXFYbkgqbmlsU1JLIyNkMFZ0OE1JdzRJQW1yY3I=$$$Y2hpbkpaUzdiKnpYbzZzWQ==$$$aHR0cDovL2FwaS50dDU4LnR2L2NvbmZpZy9uZXd0di5qc29uP3NzPQ=="},
{"key":"csp_BuLei","name":"布雷┃直连","type":3,"api":"csp_BuLei","m3u8ads": "hd.youyhn.com","searchable":1,"quickSearch":1,"filterable":1,"ext":"https://www.bulei.cc"},
{"key":"csp_77","name":"七七┃App","type":3,"api":"csp_Kunyu77","searchable":1,"quickSearch":1,"filterable":1},
{"key":"csp_AppMr","name":"明明┃App","type":3,"api":"csp_AppMr","m3u8ads": "hd.youyhn.com","searchable":1,"quickSearch":1,"filterable":1},
{"key":"csp_apple","name":"苹果┃App","type":3,"api":"csp_LiteApple","playerType":1,"searchable":1,"quickSearch":1,"filterable":1},
{"key":"csp_fantuan","name":"饭团┃直连","type":3,"api":"csp_Fantuan","m3u8ads": "hd.youyhn.com","searchable":1,"quickSearch":1,"filterable":1,"ext":"https://www.fantuanhd.com"},
{"key":"csp_Vofl","name":"Voflix┃直连","type":3,"api":"csp_Voflix","searchable":1,"quickSearch":1,"filterable":1},
{"key":"csp_Xinsj","name":"新视觉┃直连","type":3,"api":"csp_Xinsj","m3u8ads": "hd.youyhn.com","searchable":1,"quickSearch":1,"filterable":1,"ext":"https://www.6080dy3.com"},
{"key":"csp_Czsapp","name":"厂长┃直连","type":3,"api":"csp_Czsapp","m3u8ads": "hd.youyhn.com","playerType":2,"searchable":1,"quickSearch":1,"filterable":1},
{"key":"csp_DiDuan" ,"name":"低端┃直连","type":3,"api":"csp_Ddrk","searchable":1,"quickSearch":1,"filterable":0},
{"key":"csp_Cokemv","name":"可乐┃直连","type":3,"api":"csp_Cokemv","playerType":2,"searchable":1,"quickSearch":1,"filterable":1},
{"key":"csp_Auete","name":"Auete┃直连","type": 3,"api":"csp_Auete","searchable":1,"quickSearch":1,"filterable":1},
{"key":"csp_Bttoo","name":"BTtwo┃直连","type":3,"api":"csp_Bttwoo","searchable":1,"quickSearch":1,"filterable":1},
{"key":"csp_Lib","name": "Libvio┃直连","type": 3,"api": "csp_Libvio","searchable": 1,"quickSearch": 1,"filterable": 1,"ext":"https://tv.libvio.cc/"},
{"key":"csp_zxzj","name":"在线┃直连","type":3,"api":"csp_Zxzj","searchable":1,"quickSearch":1,"filterable":1,"ext":"https://www.zxzj.org"},
{"key":"csp_zxzjH3","name":"在线H3┃影视","type":3,"api":"csp_ZxzjH3","searchable":1,"quickSearch":1,"filterable":1,"ext":"https://www.zxzjhd.com"},
{"key":"csp_Lgyy","name":"蓝光┃直连","type":3,"api":"csp_Lgyy","searchable":1,"quickSearch":1,"filterable":1,"ext":"https://www.lgyy.tv"},
{"key":"csp_Smdyy","name": "神马┃直连","type": 3,"api": "csp_Smdyy","searchable": 1,"quickSearch": 1,"filterable": 1},
{"key":"csp_Bd","name":"哔嘀┃直连","type":3,"api":"csp_Bdys01","playerType":1,"searchable":1,"quickSearch":1,"filterable":1},
{"key":"csp_Nmys","name":"农民┃直连","type":3,"api":"csp_Nmys","searchable":1,"quickSearch":1,"filterable":1,"ext":"./json/nmys.json"},
{"key":"csp_Ysgc","name":"工厂┃直连","type":3,"api":"csp_Ysgc","m3u8ads": "hd.youyhn.com","searchable":1,"quickSearch":1,"filterable":1,"ext":"https://www.ysgc.vip"},
{"key":"csp_panghu","name":"胖虎┃直连","type":3,"api":"csp_Panghu","m3u8ads": "hd.youyhn.com","searchable":1,"quickSearch":1,"filterable":1},
{"key":"csp_555","name":"555┃直连","type":3,"api":"csp_Ys555","m3u8ads": "hd.youyhn.com","searchable":1,"quickSearch":1,"filterable":1,"ext":"https://www.555dyy1.com"},
{"key":"csp_Nkdy","name":"耐看┃直连","type":3,"api":"csp_Nkdy","m3u8ads": "hd.youyhn.com","searchable":1,"quickSearch":1,"filterable":1},
{"key":"csp_Hlsp","name":"黑料┃直连","type":3,"api":"csp_Hlsp","m3u8ads": "hd.youyhn.com","searchable":1,"quickSearch":1,"filterable":1,"ext":"./json/黑料.json"},
{"key":"csp_SP360","name":"360┃解析","type":3,"api":"csp_SP360","m3u8ads": "hd.youyhn.com","searchable":1,"quickSearch":1,"filterable":1,"changeable":0},
{"key":"csp_teng","name":"腾腾┃解析","type": 3,"api":"csp_QQ","searchable": 1,"quickSearch": 1,"filterable":1,"changeable":0},
{"key":"csp_ai","name":"爱爱┃解析","type":3,"api":"csp_IQIYI","quickSearch":1,"searchable":1,"filterable":1,"changeable":0},
{"key":"csp_MGT","name":"芒芒┃解析","type":3,"api":"csp_Mgtv","searchable":1,"quickSearch":1,"filterable":1,"changeable":0},
{"key":"csp_Dm84","name":"动漫┃巴士","type":3,"api":"csp_Dm84","searchable":1,"quickSearch":1,"filterable":1},
{"key":"csp_Ying","name":"樱花┃动漫","type":3,"api":"csp_Ying","searchable":1,"quickSearch":1,"filterable":1},
{"key":"csp_Ysj","name":"异界┃动漫","type":3,"api":"csp_Ysj","searchable":1,"quickSearch":1,"filterable":1},
{"key":"csp_Anime1","name":"日本┃动漫","type": 3,"api": "csp_Anime1","searchable": 1,"quickSearch": 1,"filterable": 1},
{"key":"csp_Yj1211","name":"网红┃直播","type": 3,"api": "csp_Yj1211","searchable": 1,"quickSearch": 1,"filterable": 1},
{"key":"csp_Nbys","name":"泥巴┃飞","type":3,"api":"csp_NiNi","searchable":1,"quickSearch":1,"filterable":1},
{"key":"csp_If101","name":" If101┃飞","type":3,"api":"csp_If101","searchable":1,"quickSearch":1,"filterable":1},
{"key":"csp_trj","name": "唐人街┃飞","type": 3,"api": "csp_Tangrenjie","searchable": 1,"quickSearch": 1,"filterable": 1},

{"key":"xuexi","name":"学习园地","type":"3","api":"csp_Bili","searchable":"0","quickSearch":"0","filterable":"1","changeable":0,"ext":"./json/bili.json"},
{"key":"Bili","name":"哔哩合集","type":3,"api":"csp_Bili","searchable":1,"quickSearch":1,"filterable":1,"changeable":0,"ext":"./json/chuqiuyu.json"},
{"key":"Alist","name":"Alist网盘","type":3,"api":"csp_AList","searchable":1,"quickSearch":1,"filterable":1,"changeable":0,"ext":"./json/alist.json"},
{"key":"Zhaozy","name":"找资源","type":3,"api":"csp_Zhaozy","playerType":1,"searchable":1,"quickSearch":0,"filterable":0,"changeable":0,"ext":"http://ali.饭太硬.ml/alitoken$$$yingshi$$$abcd1234"},
{"key":"YiSo","name":"易搜","type":3,"api":"csp_YiSo","playerType":1,"searchable":1,"quickSearch":1,"filterable":0,"changeable":0,"ext":"http://ali.饭太硬.ml/alitoken"},
{"key":"PanSou","name":"盘搜","type":3,"api":"csp_PanSou","playerType":1,"searchable":1,"quickSearch":1,"filterable":0,"changeable":0,"ext":"http://ali.饭太硬.ml/alitoken"},
{"key":"UpYun","name":"Up搜","type":3,"api":"csp_UpYun","playerType":1,"searchable":1,"quickSearch":1,"filterable":0,"changeable":0,"ext":"http://ali.饭太硬.ml/alitoken"},

{"key":"直播","name":"电视直播", "type": 4,"playerType":1, "api": "http://120.53.102.254/live2?url=https://agit.ai/fantaiying/fty/raw/branch/master/live.txt"},
{"key":"快播","name":"快播","type":1,"api":"https://www.kuaibozy.com/api.php/provide/vod/","searchable":1,"filterable":0,"categories":["动漫","国产剧","日韩剧","港台剧","欧美剧","泰剧","动作片","喜剧片","爱情片","科幻片","恐怖片","剧情片","战争片","纪录片","综艺"]},
{"key":"百度","name":"百度","type":1,"api":"https://api.apibdzy.com/api.php/provide/vod?ac=list","searchable":1,"filterable":0,"categories":["国产动漫","日韩动漫","大陆剧","欧美剧","韩剧","日剧","动作片","喜剧片","爱情片","科幻片","恐怖片","剧情片","战争片"]},
{"key":"小猫咪","name":"小猫咪","type":1,"api":"http://zy.xiaomaomi.cc/api.php/provide/vod/","playUrl":"","searchable":1,"quickSearch":1,"filterable":1,"categories":["综艺","动漫","动作片","喜剧片","爱情片","科幻片","恐怖片","剧情片","战争片","国产剧","港台剧","日韩剧","欧美剧","综合频道"]},
{"key":"独播库","name":"独播库","type":"4","api":"https://tang.run.goorm.app/duboku","searchable":"1","quickSearch":"1","filterable":"1"},

{"key":"drpy_js_哔哩直播","name":"直播|哔哩[js]","type":3,"api":"./lib/drpy2.min.js","ext":"./js/哔哩直播.js"},
{"key":"drpy_js_斗鱼直播","name":"直播|斗鱼[js]","type":3,"api":"./lib/drpy2.min.js","ext":"./js/斗鱼直播.js"},
{"key":"drpy_js_虎牙直播","name":"直播|虎牙[js]","type":3,"api":"./lib/drpy2.min.js","ext":"./js/虎牙直播.js"},
{"key":"drpy_js_JustLive","name":"直播|JustLive[js]","type":3,"api":"./lib/drpy2.min.js","ext":"./js/JustLive.js"},
{"key":"drpy_js_JRKAN直播","name":"体育 | JRKAN直播[js]","type":3,"api":"./lib/drpy.min.js","ext":"./js/JRKAN直播.js"},
{"key":"drpy_js_88看球","name":"体育 | 88看球[js]","type":3,"api":"./lib/drpy2.min.js","ext":"./js/88看球.js"},
{"key":"drpy_js_310直播","name":"体育 | 310直播[js]","type":3,"api":"./lib/drpy2.min.js","ext":"./js/310直播.js"},
{"key":"drpy_js_抓饭体育","name":"体育 | 抓饭体育[js]","type":3,"api":"./lib/drpy2.min.js","ext":"./js/抓饭体育.js"},
{"key":"drpy_js_360影视","name":"官源|360[js]","type":3,"api":"./lib/drpy2.min.js","ext":"./js/360影视.js"},
{"key":"drpy_js_奇珍异兽","name":"官源|爱奇艺[js]","type":3,"api":"./lib/drpy2.min.js","ext":"./js/奇珍异兽.js"},
{"key":"drpy_js_优酷","name":"官源|优酷[js]","type":3,"api":"./lib/drpy2.min.js","ext":"./js/优酷.js"},
{"key":"drpy_js_腾云驾雾","name":"官源|腾讯[js]","type":3,"api":"./lib/drpy2.min.js","ext":"./js/腾云驾雾.js"},
{"key":"drpy_js_百忙无果","name":"官源|芒果[js]","type":3,"api":"./lib/drpy2.min.js","ext":"./js/百忙无果.js"},
{"key":"drpy_js_菜狗","name":"官源|搜狗[js]","type":3,"api":"./lib/drpy2.min.js","ext":"./js/菜狗.js"},
{"key":"drpy_js_低端","name":"影视 | 低端[js]","type":3,"api":"./lib/drpy2.min.js","ext":"./js/ddys.js"},
{"key":"drpy_js_农民","name":"影视 | 农民[js]","type":3,"api":"./lib/drpy2.min.js","ext":"./js/农民.js"},
{"key":"drpy_js_大豆","name":"影视 | 大豆[js]","type":3,"api":"./lib/drpy2.min.js","ext":"./js/大豆.js"},
{"key":"drpy_js_九酷","name":"影视 | 九酷[js]","type":3,"api":"./lib/drpy2.min.js","ext":"./js/九酷.js"},
{"key":"drpy_js_乐猪TV","name":"影视 | 乐猪TV[js]","type":3,"api":"./lib/drpy2.min.js","ext":"./js/乐猪TV.js"},
{"key":"drpy_js_六度TV","name":"影视 | 六度TV[js]","type":3,"api":"./lib/drpy2.min.js","ext":"./js/六度TV.js"},
{"key":"drpy_js_TV云播","name":"影视 | TV云播[js]","type":3,"api":"./lib/drpy2.min.js","ext":"./js/TV云播.js"},
{"key":"drpy_js_小猫咪","name":"影视 | 小猫咪[js]","type":3,"api":"./lib/drpy2.min.js","ext":"./js/小猫咪.js"},
{"key":"drpy_js_看韩剧","name":"影视 | 看韩剧[js]","type":3,"api":"./lib/drpy2.min.js","ext":"./js/看韩剧.js"},
{"key":"drpy_js_美剧网","name":"影视 | 美剧网[js]","type":3,"api":"./lib/drpy2.min.js","ext":"./js/美剧网.js"},
{"key":"drpy_js_追剧迷","name":"影视 | 追剧迷[js]","type":3,"api":"./lib/drpy2.min.js","ext":"./js/追剧迷.js"},
{"key":"drpy_js_秋霞影院","name":"影视 | 秋霞影院[js]","type":3,"api":"./lib/drpy2.min.js","ext":"./js/秋霞.js"},
{"key":"drpy_js_凌云影视","name":"影视 | 凌云影视[js]","type":3,"api":"./lib/drpy2.min.js","ext":"./js/凌云影视.js"},
{"key":"drpy_js_B站影视","name":"影视 | B站影视[js]","type":3,"api":"./lib/drpy2.min.js","ext":"./js/B站影视.js"},
{"key":"drpy_js_哔哩影视","name":"影视 | 哔哩影视[js]","type":3,"api":"./lib/drpy2.min.js","ext":"./js/哔哩影视.js"},

{"key":"csp_xb_lez","name":"乐猪[XBiu]","type":3,"api":"csp_XBiu","searchable":1,"quickSearch":1,"filterable":0,"ext":{"homeUrl":"http://www.lezhutv.com/type/{cateId}-{datePg}.html","playlist":{"sort":1}}},
{"key":"csp_xb_auete","name":"AUETE[XBiu]","type":3,"api":"csp_XBiu","searchable":1,"quickSearch":1,"filterable":0,"ext":"./json/auete.json"},
{"key":"csp_xb_lgyy","name":"蓝光影院[XBiu]","type":3,"api":"csp_XBiu","searchable":1,"quickSearch":1,"filterable":0,"ext":"https://lgyy.tv/vodshow/{cateId}--------{catePg}---.html"},
{"key":"csp_xb_zbk","name":"真不卡[XBiu]","type":3,"api":"csp_XBiu","searchable":1,"quickSearch":1,"filterable":0,"ext":"https://www.zbkk.net/vodshow/{cateId}--------{catePg}---.html"},
{"key":"csp_xb_webdillo","name":"宝仙HD[XBiu]","type":3,"api":"csp_XBiu","searchable":1,"quickSearch":1,"filterable":0,"ext":"https://webdillo.com/index.php/vod/show/id/{cateId}/page/{catePg}.html"},
{"key":"csp_xb_ysgc","name":"影视工厂[XBiu]","type":3,"api":"csp_XBiu","searchable":1,"quickSearch":1,"filterable":0,"ext":"https://www.ysgc.fun/vodtype/{cateId}-{catePg}.html"},
{"key":"csp_xb_cokemv","name":"cokemv[XBiu]","type":3,"api":"csp_XBiu","searchable":1,"quickSearch":1,"filterable":0,"ext":"https://cokemv.me/vodshow/{cateId}--------{catePg}---.html"},
{"key":"csp_xb_爱看影视","name":"爱看影视[XBiu]","type":3,"api":"csp_XBiu","searchable":1,"quickSearch":1,"filterable":0,"ext":"https://ikan6.vip/vodshow/{cateId}--------{catePg}---/"},
{"key":"csp_xb_达达龟","name":"达达龟[XBiu]","type":3,"api":"csp_XBiu","searchable":1,"quickSearch":1,"filterable":0,"ext":"https://www.dadagui.me/vodshow/{cateId}--------{catePg}---.html"},
{"key":"csp_xb_shm","name":"神马影视[XBiu]","type":3,"api":"csp_XBiu","searchable":1,"quickSearch":1,"filterable":0,"ext":"https://www.smdyy.cc/show/{cateId}-{area}--{class}-----{catePg}---{year}.html"},
{"key":"csp_xb_qsp","name":"氢视频[XBiu]","type":3,"api":"csp_XBiu","searchable":1,"quickSearch":1,"filterable":0,"ext":"http://h1080p.com/index.php/vod/show/by/{by}/id/{cateId}/page/{catePg}/year/{year}.html"},
{"key":"csp_xb_fg","name":"疯狗影视[XBiu]","type":3,"api":"csp_XBiu","searchable":1,"quickSearch":1,"filterable":0,"ext":"https://m.fenggoudy3.com/list-select-id-{cateId}-type--area--year--star--state--order-addtime-p-{catePg}.html"},
{"key":"csp_xb_huix","name":"回响[XBiu]","type":3,"api":"csp_XBiu","searchable":1,"quickSearch":1,"filterable":0,"ext":"http://hxys.tv/vodshow/{cateId}-{area}-------{catePg}---{year}.html"},
{"key":"csp_xb_1080ys","name":"1080影视[XBiu]","type":3,"api":"csp_XBiu","searchable":1,"quickSearch":1,"filterable":0,"ext":"https://1080p.tv/vodshow/{cateId}--------{catePg}---"},

{"key":"csp_xBPQ_360影视","name":"360影视[xBPQ]","type":3,"api":"csp_XBPQ","searchable":1,"quickSearch":1,"filterable":1,"ext":"./xBPQ/360影视.json"},
{"key":"csp_xBPQ_LIBVIO","name":"LIBVIO[xBPQ]","type":3,"api":"csp_XBPQ","searchable":1,"quickSearch":1,"filterable":1,"ext":"./xBPQ/LIBVIO.json"},
{"key":"csp_xBPQ_VOFLIX","name":"VOFLIX[xBPQ]","type":3,"api":"csp_XBPQ","searchable":1,"quickSearch":1,"filterable":1,"ext":"./xBPQ/VOFLIX.json"},
{"key":"csp_xBPQ_TVB云播","name":"TVB云播[xBPQ]","type":3,"api":"csp_XBPQ","searchable":1,"quickSearch":1,"filterable":0,"ext":"./xBPQ/TVB云播.json"},
{"key":"csp_xBPQ_无名小站","name":"无名小站[xBPQ]","type":3,"api":"csp_XBPQ","searchable":1,"quickSearch":1,"filterable":1,"ext":"./xBPQ/无名小站.json"},
{"key":"csp_xBPQ_素白白影视","name":"素白白影视[xBPQ]","type":3,"api":"csp_XBPQ","searchable":1,"quickSearch":1,"filterable":0,"ext":"./xBPQ/素白白影视.json"},
{"key":"csp_xBPQ_耐看点播","name":"耐看点播[xBPQ]","type":3,"api":"csp_XBPQ","searchable":1,"quickSearch":1,"filterable":1,"ext":"./xBPQ/耐看点播.json"},
{"key":"csp_xBPQ_莫扎兔","name":"莫扎兔[xBPQ]","type":3,"api":"csp_XBPQ","searchable":1,"quickSearch":1,"filterable":1,"ext":"./xBPQ/莫扎兔.json"},
{"key":"csp_xBPQ_双十电影","name":"双十电影[xBPQ]","type":3,"api":"csp_XBPQ","searchable":1,"quickSearch":1,"filterable":1,"ext":"./xBPQ/双十电影.json"},
{"key":"csp_xBPQ_城市电影","name":"城市电影[xBPQ]","type":3,"api":"csp_XBPQ","searchable":1,"quickSearch":1,"filterable":1,"ext":"./xBPQ/城市电影.json"},
{"key":"csp_xBPQ_FreeOK","name":"FreeOK[xBPQ]","type":3,"api":"csp_XBPQ","searchable":1,"quickSearch":1,"filterable":1,"ext":"./xBPQ/FreeOK.json"},
{"key":"csp_xBPQ_热播库","name":"热播库[xBPQ]","type":3,"api":"csp_XBPQ","searchable":1,"quickSearch":1,"filterable":1,"ext":"./xBPQ/热播库.json"},
{"key":"csp_xBPQ_555电影","name":"555电影[xBPQ]","type":3,"api":"csp_XBPQ","searchable":1,"quickSearch":1,"filterable":0,"ext":"./xBPQ/555电影.json"},
{"key":"csp_xBPQ_动漫巴士","name":"动漫巴士[xBPQ]","type":3,"api":"csp_XBPQ","searchable":1,"quickSearch":1,"filterable":1,"ext":"./xBPQ/动漫巴士.json"},
{"key":"csp_xBPQ_看一看影视","name":"看一看影视[xBPQ]","type":3,"api":"csp_XBPQ","searchable":1,"quickSearch":1,"filterable":1,"ext":"./xBPQ/看一看影视.json"},
{"key":"csp_xBPQ_饭团影视","name":"饭团影视[xBPQ]","type":3,"api":"csp_XBPQ","searchable":1,"quickSearch":1,"filterable":1,"ext":"./xBPQ/饭团影视.json"},
{"key":"csp_xBPQ_胖虎影视","name":"胖虎影视[xBPQ]","type":3,"api":"csp_XBPQ","searchable":1,"quickSearch":1,"filterable":1,"ext":"./xBPQ/胖虎影视.json"},
{"key":"csp_xBPQ_COKEMV","name":"COKEMV[xBPQ]","type":3,"api":"csp_XBPQ","searchable":1,"quickSearch":1,"filterable":1,"ext":"./xBPQ/COKEMV.json"},
{"key":"csp_xBPQ_爱看","name":"爱看[xBPQ]","type":3,"api":"csp_XBPQ","searchable":1,"quickSearch":1,"filterable":1,"ext":"./xBPQ/爱看影视.json"},
{"key":"csp_xBPQ_8K影视","name":"8K影视[xBPQ]","type":3,"api":"csp_XBPQ","searchable":1,"quickSearch":1,"filterable":0,"ext":"./xBPQ/8K影视.json"},
{"key":"csp_xBPQ_短视频","name":"短视频[xBPQ]","type":3,"api":"csp_XBPQ","searchable":1,"quickSearch":1,"filterable":0,"ext":"./xBPQ/短视频.json"},
{"key":"csp_xBPQ_新视觉","name":"新视觉[xBPQ]","type":3,"api":"csp_XBPQ","searchable":1,"quickSearch":1,"filterable":1,"ext":"./xBPQ/新视觉.json"},
{"key":"csp_xBPQ_神马影院","name":"神马影院[xBPQ]","type":3,"api":"csp_XBPQ","searchable":1,"quickSearch":1,"filterable":1,"ext":"./xBPQ/神马影院.json"},
{"key":"csp_xBPQ_真不卡影院","name":"真不卡影院[xBPQ]","type":3,"api":"csp_XBPQ","searchable":1,"quickSearch":1,"filterable":1,"ext":"./xBPQ/真不卡影院.json"},
{"key":"csp_xBPQ_98影院","name":"98影院[xBPQ]","type":3,"api":"csp_XBPQ","searchable":1,"quickSearch":1,"filterable":1,"ext":"./xBPQ/98影院.json"},
{"key":"csp_xBPQ_兰花影院","name":"兰花影院[xBPQ]","type":3,"api":"csp_XBPQ","searchable":1,"quickSearch":1,"filterable":1,"ext":"./xBPQ/兰花影院.json"},

{"key":"csp_XYQBiu_艾菲影视","name":"艾菲影视[XYQ]","type":3,"api":"csp_XYQBiu","searchable":1,"quickSearch":1,"filterable":1,"ext":"./XYQ/艾菲影视.json"},
{"key":"csp_XYQBiu_分享短视频","name":"分享短视频[XYQ]","type":3,"api":"csp_XYQBiu","searchable":1,"quickSearch":1,"filterable":1,"ext":"./XYQ/分享短视频.json"},
{"key":"csp_XYQHiker_皮皮鸭","name":"️皮皮鸭[XYQH]","type":3,"api":"csp_XYQHiker","searchable":1,"quickSearch":1,"filterable":1,"ext":"./XYQ/皮皮鸭.json"},
{"key":"csp_XYQHiker_l0l影院","name":"l0l影院[XYQH]","type":3,"api":"csp_XYQHiker","searchable":1,"quickSearch":1,"filterable":1,"ext":"./XYQ/l0l影院xyqh.json"},
{"key":"csp_XYQHiker_188影视","name":"188影视[XYQH]","type":3,"api":"csp_XYQHiker","searchable":1,"quickSearch":1,"filterable":1,"ext":"./XYQ/188影视.json"},
{"key":"csp_XYQHiker_爱看影视","name":"爱看影视[XYQH]","type":3,"api":"csp_XYQHiker","searchable":1,"quickSearch":1,"filterable":1,"ext":"./XYQ/爱看影视.json"},
{"key":"csp_XYQHiker_厂长影视","name":"厂长影视[XYQH]","type":3,"api":"csp_XYQHiker","searchable":1,"quickSearch":1,"filterable":1,"ext":"./XYQ/厂长影视.json"},
{"key":"csp_XYQHiker_乐猪TV","name":"乐猪TV[XYQH]","type":3,"api":"csp_XYQHiker","searchable":1,"quickSearch":1,"filterable":1,"ext":"./XYQ/乐猪TV.json"},
{"key":"csp_XYQHiker_素白白影视","name":"素白白影视[XYQH]","type":3,"api":"csp_XYQHiker","searchable":1,"quickSearch":1,"filterable":1,"ext":"./XYQ/素白白影视.json"},
{"key":"csp_XYQHiker_外剧","name":"️外剧[XYQH]","type":3,"api":"csp_XYQHiker","searchable":1,"quickSearch":1,"filterable":1,"ext":"./XYQ/外剧.json"},
{"key":"csp_XYQHiker_野马","name":"️野马[XYQH]","type":3,"api":"csp_XYQHiker","searchable":1,"quickSearch":1,"filterable":1,"ext":"./XYQ/野马.json"},

{"key":"csp_XP_yingba","name":"影吧[XP]","type":3,"api":"csp_XPath","searchable":1,"quickSearch":1,"filterable":1,"ext":"./json/yingba.json"},
{"key":"csp_XP_动漫巴士","name":"动漫巴士[XPF]","type":3,"api":"csp_XPathFilter","searchable":1,"quickSearch":1,"filterable":1,"ext":"./json/动漫巴士.json"},
{"key":"csp_XP_农民影视","name":"农民影视[XPF]","type":3,"api":"csp_XPathFilter","searchable":1,"quickSearch":1,"filterable":0,"ext":"./json/农民影视.json"},
{"key":"csp_XP_348z","name":"348电影[XPF]","type":3,"api":"csp_XPathFilter","searchable":1,"quickSearch":1,"filterable":1,"ext":"./json/348z.json"},
{"key":"csp_XP_6d","name":"六度TV[XPF]","type":3,"api":"csp_XPathFilter","searchable":1,"quickSearch":1,"filterable":1,"ext":"./json/6d.json"},
{"key":"csp_XP_dmw","name":"动漫岛[XPMF]","type":3,"api":"csp_XPathMacFilter","searchable":1,"quickSearch":1,"filterable":1,"ext":"./json/dmw.json"},
{"key":"csp_XP_gongreng","name":"工人影视[XPMF]","type":3,"api":"csp_XPathMacFilter","searchable":1,"quickSearch":1,"filterable":1,"ext":"./json/gongreng.json"},
{"key":"csp_XP_独播库","name":"独播库[XPMF]","type":3,"api":"csp_XPathMacFilter","playerType":0,"searchable":1,"quickSearch":1,"filterable":1,"ext":"./json/duboku.json"},

{"key":"push_agent","name":"手机推送","type":3,"api":"csp_Push","searchable":0,"quickSearch":0,"filterable":0,"changeable":0,"ext":"http://ali.饭太硬.ml/alitoken"},
{"key":"aa","name":"配置接口完全免费","type":3,"api":"csp_XPath","searchable": 0,"quickSearch": 0,"filterable": 0},
{"key":"cc","name":"请勿相信视频中任何广告","type":3,"api":"csp_XPath","searchable": 0,"quickSearch": 0,"filterable": 0}
],
"parses":[
{"name":"Json聚合","type":3,"url":"Demo"},
{"name":"Web聚合","type":3,"url":"Web"},
{"name":"91","url":"http://91fanli.top/m3u8/?url=","type":0,"ext":{"flag":["qiyi","imgo","爱奇艺","奇艺","qq","腾讯","youku","优酷","pptv","PPTV","letv","乐视","leshi","bilibili","哔哩哔哩","哔哩","mgtv","芒果","sohu","xigua","fun","风行"],"header":{"User-Agent":"Mozilla/5.0"}},"header":{"User-Agent":"Mozilla/5.0"}},
{"name":"解析la","url":"https://api.jiexi.la/?url=","type":0,"ext":{"flag":["qiyi","imgo","爱奇艺","奇艺","qq","腾讯","youku","优酷","pptv","PPTV","letv","乐视","leshi","bilibili","哔哩哔哩","哔哩","mgtv","芒果","sohu","xigua","fun","风行"],"header":{"User-Agent":"Mozilla/5.0"}},"header":{"User-Agent":"Mozilla/5.0"}},
{"name":"PM","url":"https://www.playm3u8.cn/jiexi.php?url=","type":0,"ext":{"flag":["qiyi","imgo","爱奇艺","奇艺","qq","腾讯","youku","优酷","pptv","PPTV","letv","乐视","leshi","bilibili","哔哩哔哩","哔哩","mgtv","芒果","sohu","xigua","fun","风行"],"header":{"User-Agent":"Mozilla/5.0"}},"header":{"User-Agent":"Mozilla/5.0"}},
{"name":"UM","type":1,"url":"https://b.umkan.cc/API.php?url="},
{"name":"喵喵喵","type":1,"url":"https://vip.blbo.cc:2222/api/?key=9f230d947680de53b544be747efa8e54&url="},
{"name":"哆啦A梦","type":1,"url":"http://47.108.39.237:55/api/jsonindex.php/?key=dp2xOsl8Nws8uFdY0E&url="},
{"name":"521","type":1,"url":"http://svip.key521.cn/analysis/json/?uid=22&my=acdgimotxCHLNOTX16&url="},
{"name":"FQZS","type":1,"url":"http://jx.fuqizhishi.com:63/API.php?appkey=feimao&url="},
{"name":"盘古","url":"https://www.pangujiexi.cc/jiexi.php?url=","type":0,"ext":{"flag":["qiyi","imgo","爱奇艺","奇艺","qq","腾讯","youku","优酷","pptv","PPTV","letv","乐视","leshi","bilibili","哔哩哔哩","哔哩","mgtv","芒果","sohu","xigua","fun","风行"],"header":{"User-Agent":"Mozilla/5.0"}},"header":{"User-Agent":"Mozilla/5.0"}},
{"name":"全民1","url":"http://api.wpsseo.cn/?v=","type":0,"ext":{"flag":["qiyi","imgo","爱奇艺","奇艺","qq","腾讯","youku","优酷","pptv","PPTV","letv","乐视","leshi","bilibili","哔哩哔哩","哔哩","mgtv","芒果","sohu","xigua","fun","风行"],"header":{"User-Agent":"Mozilla/5.0"}},"header":{"User-Agent":"Mozilla/5.0"}},
{"name":"m3u8tv","type":0,"url":"https://jx.m3u8.tv/jiexi/?url="},
{"name":"8090","url":"https://www.8090.la/8090/?url=","type":0,"ext":{"flag":["qiyi","imgo","爱奇艺","奇艺","qq","腾讯","youku","优酷","pptv","PPTV","letv","乐视","leshi","bilibili","哔哩哔哩","哔哩","mgtv","芒果","sohu","xigua","fun","风行"],"header":{"User-Agent":"Mozilla/5.0"}},"header":{"User-Agent":"Mozilla/5.0"}},
{"name":"星辰云","type":1,"url":"https://json.xn--9kq078cdn3a.cc/api/?key=e7096101128070c1ce09bbf3887e5279&url=","header":{"User-Agent":"Mozilla/5.0"}},
{"name":"小城","type":1,"url":"https://jx.ccabc.cc/byg/?url="},
{"name":"777","type":0,"url":"https://jx.777jiexi.com/player/?url="},
{"name":"喵影视","type":0,"url":"http://www.miaoys.cc/vip/?url="},
{"name":"pandown","type":1,"url":"http://www.pandown.pro/app/tkys/tkysjx.php?url="},
{"name":"江湖","type":1,"url":"http://pandown.pro/app/ysmjx.php?url=","ext":{"flag":["qq","qiyi","mgtv","youku","letv","sohu","xigua","1905","优播线路","腾播线路"],"header":{"User-Agent":"Dart/2.14(dart:io)"}}},
{"name":"左岸","type":1,"url":"http://110.42.2.115:880/analysis/json/?uid=2100&my=cqrtwyACDGLOXY0249&mgtv=app&url=","ext":{"flag":["qq","腾讯","qiyi","爱奇艺","奇艺","youku","优酷","sohu","搜狐","letv","乐视","mgtv","芒果","CL4K","renrenmi","ltnb","bilibili","1905","xigua"]}},
{"name":"bozrc","type":0,"url":"https://jx.bozrc.com:4433/player/?url=","ext":{"flag":["qq","腾讯","qiyi","爱奇艺","奇艺","youku","优酷","mgtv","芒果","letv","leshi","LS","pptv","PPTV","sohu","bilibili","哔哩哔哩","哔哩"],"header":{"User-Agent":""}}},
{"name":"xmflv","type":0,"url":"https://jx.xmflv.com/?url="},
{"name":"夜幕","type":0,"url":"https://www.yemu.xyz/?url=","ext":{"flag":["qq","腾讯","qiyi","iqiyi","爱奇艺","奇艺","youku","优酷","mgtv","芒果","letv","乐视","pptv","PPTV","sohu","bilibili","哔哩哔哩","哔哩"]}},
{"name":"看看","type":0,"url":"https://jx.m3u8.pw/?url="},
{"name":"麒麟","type":0,"url":"https://www.cygqw.com/jiexi/jiekou-2/?url="},
{"name":"OK解析","type":0,"url":"https://okjx.cc/?url=","ext":{"flag":["qq","腾讯","qiyi","爱奇艺","奇艺","youku","优酷","mgtv","芒果","letv","乐视","pptv","PPTV","sohu","bilibili","哔哩哔哩","哔哩"]}},
{"name":"爱酷嗅探","type":0,"url":"https://jx.zhanlangbu.com/?url="},
{"name":"zui","type":0,"url":"https://jx.zui.cm/?url=","ext":{"flag":["ltnb"]}},
{"name":"风起陇西","type":0,"url":"https://hxys.tv/bfq/?url="},
{"name":"风起兖州","type":0,"url":"http://jx.gbxy.net.cn/?url="},
{"name":"虾米","type":0,"url":"https://dm.xmflv.com:4433/?url=","ext":{"flag":["imgo","ltnb","renrenmi","qq","腾讯","qiyi","爱奇艺","奇艺","youku","优酷","mgtv","芒果","bilibili","哔哩哔哩","哔哩"]}},
{"name":"左岸","url":"https://jx.bozrc.com:4433/player/analysis.php?v=","type":0,"ext":{"flag":["qiyi","imgo","爱奇艺","奇艺","qq","腾讯","youku","优酷","pptv","PPTV","letv","乐视","leshi","bilibili","哔哩哔哩","哔哩","mgtv","芒果","sohu","xigua","fun","风行"],"header":{"User-Agent":"Mozilla/5.0"}},"header":{"User-Agent":"Mozilla/5.0"}},
{"name":"m2090","url":"https://m2090.com/?url=","type":0,"ext":{"flag":["qiyi","imgo","爱奇艺","奇艺","qq","腾讯","youku","优酷","pptv","PPTV","letv","乐视","leshi","bilibili","哔哩哔哩","哔哩","mgtv","芒果","sohu","xigua","fun","风行"],"header":{"User-Agent":"Mozilla/5.0"}},"header":{"User-Agent":"Mozilla/5.0"}},
{"name":"1717云","url":"https://www.1717yun.com/jx/ty.php?url=","type":0,"ext":{"flag":["qiyi","imgo","爱奇艺","奇艺","qq","腾讯","youku","优酷","pptv","PPTV","letv","乐视","leshi","bilibili","哔哩哔哩","哔哩","mgtv","芒果","sohu","xigua","fun","风行"],"header":{"User-Agent":"Mozilla/5.0"}},"header":{"User-Agent":"Mozilla/5.0"}},
{"name":"云星解析","type":1,"url":"https://chaloli.cn/api/?key=63bad951f0ada1d236062b7a3632f81e&url="}
],
"rules": [
{"host":"*","rule":["default.365yg.com"]},{"host":"dyxs20.com","rule":[".m3u8"]},{"host":"www.agemys.cc","rule":["cdn-tos","obj/tos-cn"]},{"host":"www.sharenice.net","rule":["http.*?/play.{0,3}\\?[^url]{2,8}=.*"]},{"host":"www.sharenice.net","rule":["qianpailive.com","vid="]},{"host":"*","rule":["douyin.com/aweme","video_id="]},{"host":"*","rule":["huoshan.com","/item/video/"]},{"host":"*","rule":["http((?!http).){12,}?\\.(m3u8|mp4|flv|avi|mkv|rm|wmv|mpg|m4a)\\?.*"]},{"host":"*","rule":["http((?!http).){12,}\\.(m3u8|mp4|flv|avi|mkv|rm|wmv|mpg|m4a)"]}
],
"flags":["youku","优酷","优 酷","优酷视频", "qq","腾讯","腾 讯","腾讯视频", "iqiyi", "qiyi","奇艺","爱奇艺","爱 奇 艺", "m1905", "xigua", "letv","leshi","乐视","乐 视", "sohu","搜狐","搜 狐","搜狐视频", "tudou", "pptv", "mgtv","芒果","imgo","芒果TV","芒 果 T V", "bilibili","哔 哩","哔 哩 哔 哩"],
"ijk":[{"group":"软解码","options":[{"category":4,"name":"opensles","value":"0"},{"category":4,"name":"overlay-format","value":"842225234"},{"category":4,"name":"framedrop","value":"1"},{"category":4,"name":"soundtouch","value":"1"},{"category":4,"name":"start-on-prepared","value":"1"},{"category":1,"name":"http-detect-range-support","value":"0"},{"category":1,"name":"fflags","value":"fastseek"},{"category":2,"name":"skip_loop_filter","value":"48"},{"category":4,"name":"reconnect","value":"1"},{"category":4,"name":"max-buffer-size","value":"5242880"},{"category":4,"name":"enable-accurate-seek","value":"0"},{"category":4,"name":"mediacodec","value":"0"},{"category":4,"name":"mediacodec-auto-rotate","value":"0"},{"category":4,"name":"mediacodec-handle-resolution-change","value":"0"},{"category":4,"name":"mediacodec-hevc","value":"0"},{"category":1,"name":"dns_cache_timeout","value":"600000000"}]},{"group":"硬解码","options":[{"category":4,"name":"opensles","value":"0"},{"category":4,"name":"overlay-format","value":"842225234"},{"category":4,"name":"framedrop","value":"1"},{"category":4,"name":"soundtouch","value":"1"},{"category":4,"name":"start-on-prepared","value":"1"},{"category":1,"name":"http-detect-range-support","value":"0"},{"category":1,"name":"fflags","value":"fastseek"},{"category":2,"name":"skip_loop_filter","value":"48"},{"category":4,"name":"reconnect","value":"1"},{"category":4,"name":"max-buffer-size","value":"5242880"},{"category":4,"name":"enable-accurate-seek","value":"0"},{"category":4,"name":"mediacodec","value":"1"},{"category":4,"name":"mediacodec-auto-rotate","value":"1"},{"category":4,"name":"mediacodec-handle-resolution-change","value":"1"},{"category":4,"name":"mediacodec-hevc","value":"1"},{"category":1,"name":"dns_cache_timeout","value":"600000000"}]}],
"ads":["wan.51img1.com","iqiyi.hbuioo.com","vip.ffzyad.com","https://lf1-cdn-tos.bytegoofy.com/obj/tos-cn-i-dy/455ccf9e8ae744378118e4bd289288dd","mimg.0c1q0l.cn","www.googletagmanager.com","www.google-analytics.com","mc.usihnbcq.cn","mg.g1mm3d.cn","mscs.svaeuzh.cn","cnzz.hhttm.top","tp.vinuxhome.com","cnzz.mmstat.com","www.baihuillq.com","s23.cnzz.com","z3.cnzz.com","c.cnzz.com","stj.v1vo.top","z12.cnzz.com","img.mosflower.cn","tips.gamevvip.com","ehwe.yhdtns.com","xdn.cqqc3.com","www.jixunkyy.cn","sp.chemacid.cn","hm.baidu.com","s9.cnzz.com","z6.cnzz.com","um.cavuc.com","mav.mavuz.com","wofwk.aoidf3.com","z5.cnzz.com","xc.hubeijieshikj.cn","tj.tianwenhu.com","xg.gars57.cn","k.jinxiuzhilv.com","cdn.bootcss.com","ppl.xunzhuo123.com","xomk.jiangjunmh.top","img.xunzhuo123.com","z1.cnzz.com","s13.cnzz.com","xg.huataisangao.cn","z7.cnzz.com","xg.huataisangao.cn","z2.cnzz.com","s96.cnzz.com","q11.cnzz.com","thy.dacedsfa.cn","xg.whsbpw.cn","s19.cnzz.com","z8.cnzz.com","s4.cnzz.com","f5w.as12df.top","ae01.alicdn.com","www.92424.cn","k.wudejia.com","vivovip.mmszxc.top","qiu.xixiqiu.com","cdnjs.hnfenxun.com","cms.qdwght.com"]
}