{
"菜妮丝https://cainisi.cf":"CMy4wLjk4LjI0Mg==S",

"sites":[
//xBPQ系列
{"key":"360影视","name":"360影视","type":3,"api":"csp_XBPQ","searchable":1,"quickSearch":1,"filterable":1,"ext":"./xBPQ/360影视.json"},
{"key":"LIBVIO","name":"LIBVIO","type":3,"api":"csp_XBPQ","searchable":1,"quickSearch":1,"filterable":1,"ext":"./xBPQ/LIBVIO.json"},
{"key":"VOFLIX","name":"VOFLIX","type":3,"api":"csp_XBPQ","searchable":1,"quickSearch":1,"filterable":1,"ext":"./xBPQ/VOFLIX.json"},
{"key":"无名小站","name":"无名小站","type":3,"api":"csp_XBPQ","searchable":1,"quickSearch":1,"filterable":1,"ext":"./xBPQ/无名小站.json"},
{"key":"素白白影视","name":"素白白影视","type":3,"api":"csp_XBPQ","searchable":1,"quickSearch":1,"filterable":0,"ext":"./xBPQ/素白白影视.json"},
//{"key":"皮皮泡","name":"皮皮泡","type":3,"api":"csp_XBPQ","searchable":1,"quickSearch":1,"filterable":0,"ext":"./xBPQ/皮皮泡.json"},
//{"key":"1080在线","name":"1080在线","type":3,"api":"csp_XBPQ","searchable":1,"quickSearch":1,"filterable":0,"ext":"./xBPQ/1080在线.json"},
//{"key":"在线之家","name":"在线之家","type":3,"api":"csp_XBPQ","searchable":1,"quickSearch":1,"filterable":1,"ext":"./xBPQ/在线之家.json"},
//{"key":"厂长资源","name":"厂长资源","type":3,"api":"csp_XBPQ","searchable":1,"quickSearch":1,"filterable":0,"ext":"./xBPQ/厂长资源.json"},
{"key":"神马影院","name":"神马影院","type":3,"api":"csp_XBPQ","searchable":1,"quickSearch":1,"filterable":1,"ext":"./xBPQ/神马影院.json"},
{"key":"FreeOK","name":"FreeOK","type":3,"api":"csp_XBPQ","searchable":1,"quickSearch":1,"filterable":1,"ext":"./xBPQ/FreeOK.json"},
{"key":"双十电影","name":"双十电影","type":3,"api":"csp_XBPQ","searchable":1,"quickSearch":1,"filterable":1,"ext":"./xBPQ/双十电影.json"},
//{"key":"蓝光影院","name":"蓝光影院","type":3,"api":"csp_XBPQ","searchable":1,"quickSearch":1,"filterable":0,"ext":"./xBPQ/蓝光影院.json"},
{"key":"热播库","name":"热播库","type":3,"api":"csp_XBPQ","searchable":1,"quickSearch":1,"filterable":1,"ext":"./xBPQ/热播库.json"},
{"key":"555电影","name":"555电影","type":3,"api":"csp_XBPQ","searchable":1,"quickSearch":1,"filterable":0,"ext":"./xBPQ/555电影.json"},
//{"key":"视觉影院","name":"视觉影院","type":3,"api":"csp_XBPQ","searchable":1,"quickSearch":1,"filterable":0,"ext":"./xBPQ/视觉影院.json"},
//{"key":"溪谷影视","name":"溪谷影视","type":3,"api":"csp_XBPQ","searchable":1,"quickSearch":1,"filterable":0,"ext":"./xBPQ/溪谷影视.json"},
//{"key":"HDIK","name":"HDIK","type":3,"api":"csp_XBPQ","searchable":1,"quickSearch":1,"filterable":0,"ext":"./xBPQ/HDIK.json"},
{"key":"饭团影视","name":"饭团影视","type":3,"api":"csp_XBPQ","searchable":1,"quickSearch":1,"filterable":1,"ext":"./xBPQ/饭团影视.json"},
//{"key":"52看剧","name":"52看剧","type":3,"api":"csp_XBPQ","searchable":1,"quickSearch":1,"filterable":0,"ext":"./xBPQ/52看剧.json"},
//{"key":"核桃影院","name":"核桃影院","type":3,"api":"csp_XBPQ","searchable":1,"quickSearch":1,"filterable":1,"ext":"./xBPQ/核桃影院.json"},
{"key":"莫扎兔","name":"莫扎兔","type":3,"api":"csp_XBPQ","searchable":1,"quickSearch":1,"filterable":1,"ext":"./xBPQ/莫扎兔.json"},
{"key":"胖虎影视","name":"胖虎影视","type":3,"api":"csp_XBPQ","searchable":1,"quickSearch":1,"filterable":1,"ext":"./xBPQ/胖虎影视.json"},
{"key":"COKEMV","name":"COKEMV","type":3,"api":"csp_XBPQ","searchable":1,"quickSearch":1,"filterable":1,"ext":"./xBPQ/COKEMV.json"},
//{"key":"鸭奈飞","name":"鸭奈飞","type":3,"api":"csp_XBPQ","searchable":1,"quickSearch":1,"filterable":0,"ext":"./xBPQ/鸭奈飞.json"},
{"key":"耐看点播","name":"耐看点播","type":3,"api":"csp_XBPQ","searchable":1,"quickSearch":1,"filterable":1,"ext":"./xBPQ/耐看点播.json"},
{"key":"干饭影视","name":"干饭影视","type":3,"api":"csp_XBPQ","searchable":1,"quickSearch":1,"filterable":1,"ext":"./xBPQ/干饭影视.json"},
{"key":"快看影视","name":"快看影视","type":3,"api":"csp_XBPQ","searchable":1,"quickSearch":1,"filterable":1,"ext":"./xBPQ/快看影视.json"},
//{"key":"追剧达人","name":"追剧达人","type":3,"api":"csp_XBPQ","searchable":1,"quickSearch":1,"filterable":0,"ext":"./xBPQ/追剧达人.json"},
//{"key":"23影视","name":"23影视","type":3,"api":"csp_XBPQ","searchable":1,"quickSearch":1,"filterable":0,"ext":"./xBPQ/23影视.json"},
{"key":"爱看影视","name":"爱看影视","type":3,"api":"csp_XBPQ","searchable":1,"quickSearch":1,"filterable":1,"ext":"./xBPQ/爱看影视.json"},
{"key":"乐猪TV","name":"乐猪TV","type":3,"api":"csp_XBPQ","searchable":1,"quickSearch":1,"filterable":0,"ext":"./xBPQ/乐猪TV.json"},
{"key":"城市电影","name":"城市电影","type":3,"api":"csp_XBPQ","searchable":1,"quickSearch":1,"filterable":1,"ext":"./xBPQ/城市电影.json"},
{"key":"农民影视","name":"农民影视","type":3,"api":"csp_XBPQ","searchable":1,"quickSearch":1,"filterable":1,"ext":"./xBPQ/农民影视.json"},
{"key":"188影视","name":"188影视","type":3,"api":"csp_XBPQ","searchable":1,"quickSearch":1,"filterable":1,"ext":"./xBPQ/188影视.json"},
{"key":"真不卡影院","name":"真不卡影院","type":3,"api":"csp_XBPQ","searchable":1,"quickSearch":1,"filterable":1,"ext":"./xBPQ/真不卡影院.json"},
//{"key":"诺讯影视","name":"诺讯影视","type":3,"api":"csp_XBPQ","searchable":1,"quickSearch":1,"filterable":0,"ext":"./xBPQ/诺讯影视.json"},
{"key":"凌云影视","name":"凌云影视","type":3,"api":"csp_XBPQ","searchable":1,"quickSearch":1,"filterable":1,"ext":"./xBPQ/凌云影视.json"},
//{"key":"TVB云播","name":"TVB云播","type":3,"api":"csp_XBPQ","searchable":1,"quickSearch":1,"filterable":0,"ext":"./xBPQ/TVB云播.json"},
//{"key":"石榴电影","name":"石榴电影","type":3,"api":"csp_XBPQ","searchable":1,"quickSearch":1,"filterable":0,"ext":"./xBPQ/石榴电影.json"},
//{"key":"落攻阁","name":"落攻阁","type":3,"api":"csp_XBPQ","searchable":1,"quickSearch":1,"filterable":0,"ext":"./xBPQ/落攻阁.json"},
{"key":"吼吼","name":"吼吼","type":3,"api":"csp_XBPQ","searchable":1,"quickSearch":1,"filterable":1,"ext":"./xBPQ/吼吼.json"},
{"key":"动漫巴士","name":"动漫巴士","type":3,"api":"csp_XBPQ","searchable":1,"quickSearch":1,"filterable":1,"ext":"./xBPQ/动漫巴士.json"},
{"key":"看一看影视","name":"看一看影视","type":3,"api":"csp_XBPQ","searchable":1,"quickSearch":1,"filterable":1,"ext":"./xBPQ/看一看影视.json"},
//{"key":"打驴动漫","name":"打驴动漫","type":3,"api":"csp_XBPQ","searchable":1,"quickSearch":1,"filterable":1,"ext":"./xBPQ/打驴动漫.json"},
{"key":"奇优影院","name":"奇优影院","type":3,"api":"csp_XBPQ","searchable":1,"quickSearch":1,"filterable":0,"ext":"./xBPQ/奇优影院.json"},
{"key":"98影院","name":"98影院","type":3,"api":"csp_XBPQ","searchable":1,"quickSearch":1,"filterable":1,"ext":"./xBPQ/98影院.json"},
{"key":"布蕾影视","name":"布蕾影视","type":3,"api":"csp_XBPQ","searchable":1,"quickSearch":1,"filterable":1,"ext":"./xBPQ/布蕾影视.json"},
{"key":"哔哩兔","name":"哔哩兔","type":3,"api":"csp_XBPQ","searchable":1,"quickSearch":1,"filterable":1,"ext":"./xBPQ/哔哩兔.json"},
{"key":"新视觉","name":"新视觉","type":3,"api":"csp_XBPQ","searchable":1,"quickSearch":1,"filterable":1,"ext":"./xBPQ/新视觉.json"},
{"key":"兰花影院","name":"兰花影院","type":3,"api":"csp_XBPQ","searchable":1,"quickSearch":1,"filterable":1,"ext":"./xBPQ/兰花影院.json"},
{"key":"Vidhub","name":"Vidhub","type":3,"api":"csp_XBPQ","searchable":1,"quickSearch":1,"filterable":1,"ext":"./xBPQ/Vidhub.json"},


//{"key":"影视工场","name":"影视工场","type":3,"api":"csp_XBPQ","searchable":1,"quickSearch":1,"filterable":0,"ext":"./xBPQ/影视工场.json"},
//{"key":"RENPE","name":"RENPE","type":3,"api":"csp_XBPQ","searchable":1,"quickSearch":1,"filterable":0,"ext":"./xBPQ/RENPE.json"},
{"key":"冷曦影视","name":"冷曦影视","type":3,"api":"csp_XBPQ","searchable":1,"quickSearch":1,"filterable":1,"ext":"./xBPQ/冷曦影视.json"},
//{"key":"创意影视","name":"创意影视","type":3,"api":"csp_XBPQ","searchable":1,"quickSearch":1,"filterable":0,"ext":"./xBPQ/创意影视.json"},
//{"key":"瓜皮TV","name":"瓜皮TV","type":3,"api":"csp_XBPQ","searchable":1,"quickSearch":1,"filterable":0,"ext":"./xBPQ/瓜皮TV.json"},
{"key":"NikeTV","name":"NikeTV","type":3,"api":"csp_XBPQ","searchable":1,"quickSearch":1,"filterable":1,"ext":"./xBPQ/NikeTV.json"},
//{"key":"爱酷影视","name":"爱酷影视","type":3,"api":"csp_XBPQ","searchable":1,"quickSearch":1,"filterable":0,"ext":"./xBPQ/爱酷影视.json"},
{"key":"APP影院","name":"APP影院","type":3,"api":"csp_XBPQ","searchable":1,"quickSearch":1,"filterable":1,"ext":"./xBPQ/APP影院.json"},
//{"key":"极品影视","name":"极品影视","type":3,"api":"csp_XBPQ","searchable":1,"quickSearch":1,"filterable":0,"ext":"./xBPQ/极品影视.json"},
//{"key":"255TV影视","name":"255TV影视","type":3,"api":"csp_XBPQ","searchable":1,"quickSearch":1,"filterable":0,"ext":"./xBPQ/255TV影视.json"},
//{"key":"低端影视","name":"低端影视","type":3,"api":"csp_XBPQ","searchable":1,"quickSearch":1,"filterable":0,"click":"ddys.tv;.vjs-big-play-button","ext":"./xBPQ/低端影视.json"},
//{"key":"牛马TV","name":"牛马TV","type":3,"api":"csp_XBPQ","searchable":1,"quickSearch":1,"filterable":0,"ext":"./xBPQ/牛马TV.json"},
//{"key":"剧白白","name":"剧白白","type":3,"api":"csp_XBPQ","searchable":1,"quickSearch":1,"filterable":0,"ext":"./xBPQ/剧白白.json"},
//{"key":"喵喵电影","name":"喵喵电影","type":3,"api":"csp_XBPQ","searchable":1,"quickSearch":1,"filterable":0,"ext":"./xBPQ/喵喵电影.json"},
{"key":"Auete","name":"Auete","type":3,"api":"csp_XBPQ","searchable":1,"quickSearch":1,"filterable":1,"ext":"./xBPQ/Auete.json"},
{"key":"追剧啦","name":"追剧啦","type":3,"api":"csp_XBPQ","searchable":1,"quickSearch":1,"filterable":1,"ext":"./xBPQ/追剧啦.json"},
{"key":"霹雳影视","name":"霹雳影视","type":3,"api":"csp_XBPQ","searchable":1,"quickSearch":1,"filterable":1,"ext":"./xBPQ/霹雳影视.json"},
{"key":"万博剧院","name":"万博剧院","type":3,"api":"csp_XBPQ","searchable":1,"quickSearch":1,"filterable":1,"ext":"./xBPQ/万博剧院.json"},
//{"key":"剧情网","name":"剧情网","type":3,"api":"csp_XBPQ","searchable":1,"quickSearch":1,"filterable":0,"ext":"./xBPQ/剧情网.json"},
{"key":"8K影视","name":"8K影视","type":3,"api":"csp_XBPQ","searchable":1,"quickSearch":1,"filterable":0,"ext":"./xBPQ/8K影视.json"},


{"key":"短视频","name":"短视频","type":3,"api":"csp_XBPQ","searchable":1,"quickSearch":1,"filterable":0,"ext":"./xBPQ/短视频.json"},
//{"key":"电视直播","name":"电视直播","type":3,"api":"csp_XBPQ","searchable":1,"quickSearch":1,"filterable":0,"ext":"./xBPQ/电视直播.json"},
//{"key":"push_agent","name":"▶┃推送┃磁力","type":3,"api":"csp_Push","playerType":1,"searchable":0,"quickSearch":0,"filterable":0,"ext":"http://我不是.肥猫.love:63/toｋen.php"},

{"key":"公告","name":"——————————","type":3,"api":"","searchable":0,"quickSearch":0,"filterable":0},
{"key":"说明1","name":"菜妮丝","type":3,"api":"","searchable":0,"quickSearch":0,"filterable":0},
{"key":"说明2","name":"https://cainisi.cf","type":3,"api":"","searchable":0,"quickSearch":0,"filterable":0},
{"key":"说明3","name":"免费接口更新维护","type":3,"api":"","searchable":0,"quickSearch":0,"filterable":0},
{"key":"说明4","name":"不要相信视频中的任何广告","type":3,"api":"","searchable":0,"quickSearch":0,"filterable":0}
],

//解析接口同步肥猫的
"parses":
[


{"name":"Json轮询","type":2,"url":"Sequence"},
{"name":"Json并发","type":2,"url":"Parallel"},
{"name":"解析聚合","type":3,"url":"Demo"},

//{"name":"Q1解析","type":1,"url":"https://parse.ikunfk.cc/parse/sign/74e860ee6889f03cae108d6c228aa725?url=","header":{"User-Agent":"Mozilla/5.0"}},
//{"name":"Q1官解","type":1,"url":"https://lan.ccabc.cc/feimao.php?url=","header":{"User-Agent":"Mozilla/5.0"}},
//{"name":"星辰云解析①","type":1,"url":"http://jiexi.xn--9kq078cdn3a.cc/api/?key=GMp1H9mKRKVriBulRT&url=","header":{"User-Agent":"Mozilla/5.0"}},



//{"name":"刚刚走过","type":1,"url":"http://jx.fuqizhishi.com:63/API.php?appkey=feimao&url=","ext":{"flag":["qq","腾讯","qiyi","爱奇艺","奇艺","youku","优酷","mgtv","芒果","letv","乐视","pptv","PPTV","sohu","bilibili","哔哩哔哩","哔哩"],"header":{"User-Agent":"Mozilla/5.0"}}},

 {
		"name": "bozrc",
		"type": 0,
		"url": "https://jx.bozrc.com:4433/player/?url=",
		"ext": {
			"flag": ["qq", "腾讯", "qiyi", "爱奇艺", "奇艺", "youku", "优酷", "mgtv", "芒果", "letv", "乐视", "pptv", "PPTV", "sohu", "bilibili", "哔哩哔哩", "哔哩"],"header":{"User-Agent":"okhttp/4.1.0"}
		}   
	},
	{
            "name": "星辰云解析",
            "type": 1,
            "url": "http://svip.key521.cn/analysis/json/?uid=22&my=acdgimotxCHLNOTX16&url=",
            "ext": {
                "flag": [
                    "qq",
                    "腾讯",
                    "企鹅",
                    "IQiYi",
                    "qiyi",
                    "爱奇艺",
                    "奇艺",
                    "youku",
                    "YouKu",
                    "优酷",
                    "sohu",
                    "SoHu",
                    "搜狐",
                    "letv",
                    "LeShi",
                    "乐视",
                    "imgo",
                    "mgtv",
                    "MangGuo",
                    "芒果",
                    "SLYS4k",
                    "BYGA",
                    "luanzi",
                    "AliS",
                    "dxzy",
                    "bilibili",
                    "QEYSS",
                    "xigua",
                    "西瓜视频",
                    "腾讯视频",
                    "奇艺视频",
                    "优酷视频",
                    "芒果视频",
                    "乐视视频"
                    
                ]
            }
        },
        {
            "name": "喵喵喵",
            "type": 1,
            "url": "https://vip.blbo.cc:2222/api/?key=9f230d947680de53b544be747efa8e54&url=",
            "ext": {
                "flag": [
                    "qq",
                    "腾讯",
                    "企鹅",
                    "IQiYi",
                    "qiyi",
                    "爱奇艺",
                    "奇艺",
                    "youku",
                    "YouKu",
                    "优酷",
                    "sohu",
                    "SoHu",
                    "搜狐",
                    "letv",
                    "LeShi",
                    "乐视",
                    "imgo",
                    "mgtv",
                    "MangGuo",
                    "芒果",
                    "SLYS4k",
                    "BYGA",
                    "luanzi",
                    "AliS",
                    "dxzy",
                    "bilibili",
                    "QEYSS",
                    "xigua",
                    "西瓜视频",
                    "腾讯视频",
                    "奇艺视频",
                    "优酷视频",
                    "芒果视频",
                    "乐视视频"
                    
                ]
            }
        },


{
            "name": "255",
            "type": 1,
            "url": "http://47.108.39.237:55/api/jsonindex.php/?key=dp2xOsl8Nws8uFdY0E&url=",
            "ext": {
                "flag": [
                    "qq",
                    "腾讯",
                    "企鹅",
                    "IQiYi",
                    "qiyi",
                    "爱奇艺",
                    "奇艺",
                    "youku",
                    "YouKu",
                    "优酷",
                    "sohu",
                    "SoHu",
                    "搜狐",
                    "letv",
                    "LeShi",
                    "乐视",
                    "imgo",
                    "mgtv",
                    "MangGuo",
                    "芒果",
                    "SLYS4k",
                    "BYGA",
                    "luanzi",
                    "AliS",
                    "dxzy",
                    "bilibili",
                    "QEYSS",
                    "xigua",
                    "西瓜视频",
                    "腾讯视频",
                    "奇艺视频",
                    "优酷视频",
                    "芒果视频",
                    "乐视视频"
                    
                ]
            }
        },

{
            "name": "肥猫官解",
            "type": 1,
            "url": "https://b.umkan.cc/API.php?url=",
            "ext": {
                "flag": [
                    "qq",
                    "腾讯",
                    "企鹅",
                    "IQiYi",
                    "qiyi",
                    "爱奇艺",
                    "奇艺",
                    "youku",
                    "YouKu",
                    "优酷",
                    "sohu",
                    "SoHu",
                    "搜狐",
                    "letv",
                    "LeShi",
                    "乐视",
                    "imgo",
                    "mgtv",
                    "MangGuo",
                    "芒果",
                    "SLYS4k",
                    "BYGA",
                    "luanzi",
                    "AliS",
                    "dxzy",
                    "bilibili",
                    "QEYSS",
                    "xigua",
                    "西瓜视频",
                    "腾讯视频",
                    "奇艺视频",
                    "优酷视频",
                    "芒果视频",
                    "乐视视频"
                    
                ]
            }
        },
{"name" : "瞄影嗅探","type":0,"url":"http://www.miaoys.cc/vip/?url="},

{
            "name": "刚刚走过",
            "type": 1,
            "url": "http://jx.fuqizhishi.com:63/API.php?appkey=feimao&url=",
            "ext": {
                "flag": [
                    "qq",
                    "腾讯",
                    "企鹅",
                    "IQiYi",
                    "qiyi",
                    "爱奇艺",
                    "奇艺",
                    "youku",
                    "YouKu",
                    "优酷",
                    "sohu",
                    "SoHu",
                    "搜狐",
                    "letv",
                    "LeShi",
                    "乐视",
                    "imgo",
                    "mgtv",
                    "MangGuo",
                    "芒果",
                    "SLYS4k",
                    "BYGA",
                    "luanzi",
                    "AliS",
                    "dxzy",
                    "bilibili",
                    "QEYSS",
                    "xigua",
                    "西瓜视频",
                    "腾讯视频",
                    "奇艺视频",
                    "优酷视频",
                    "芒果视频",
                    "乐视视频"
                    
                ]
            }
        },

    
{"name":"keyu","type":1,"url":"http://newjiexi.gotka.top/keyu3.php?url=","ext":{"flag":["qq","腾讯","qiyi","爱奇艺","奇艺","youku","优酷","mgtv","芒果","letv","乐视","pptv","PPTV","sohu","bilibili","哔哩哔哩","哔哩"],"header":{"User-Agent":"okhttp/4.1.0"}}}],

"flags": [
        "youku",
        "qq",
        "QQ",
        "iqiyi",
        "qiyi",
        "letv",
        "sohu",
        "tudou",
        "pptv",
        "PPTV",
        "mgtv",
        "ltnb",
        "rx",
        "SLYS4k",
        "BYGA",
        "BYGB",
        "luanzi",
        "dxzy",
        "QEYSS",
        "aliyun",
        "AliS",
        "122",
        "chuangying",
        "CL4K",
        "xfyun",
        "wuduzy",
        "wasu",
        "bilibili",
        "renrenmi",
        "xmm",
        "xigua",
        "m1905 ",
        "funshion ",
        "优酷",
        "芒果",
        "腾讯",
        "爱奇艺",
        "奇艺",
        "哔哩哔哩",
        "哔哩",
        "西瓜视频",
        "腾讯视频",
        "奇艺视频",
        "优酷视频",
        "芒果视频",
        "乐视视频"
    ],
    

//调用解析的线路名
"flags":[
    "m1905",
    "douyin",
    "cntv",
    "imgo",
    "youku",
    "qq",
    "leshi",
    "qiyi",
    "xigua",
    "iqiyi",
    "letv",
    "sohu",
    "tudou",
    "pptv",
    "mgtv",
    "wasu"
    ],

"ijk":[
{"group":"软解码","options":[
{"category":4,"name":"opensles","value":"0"},
{"category":4,"name":"overlay-format","value":"842225234"},
{"category":4,"name":"framedrop","value":"1"},
{"category":4,"name":"soundtouch","value":"1"},
{"category":4,"name":"start-on-prepared","value":"1"},
{"category":1,"name":"http-detect-range-support","value":"0"},
{"category":1,"name":"fflags","value":"fastseek"},
{"category":2,"name":"skip_loop_filter","value":"48"},
{"category":4,"name":"reconnect","value":"1"},
{"category":4,"name":"enable-accurate-seek","value":"0"},
{"category":4,"name":"mediacodec","value":"0"},
{"category":4,"name":"mediacodec-auto-rotate","value":"0"},
{"category":4,"name":"mediacodec-handle-resolution-change","value":"0"},
{"category":4,"name":"mediacodec-hevc","value":"0"},
{"category":1,"name":"dns_cache_timeout","value":"600000000"}
]},
{"group":"硬解码","options":[
{"category":4,"name":"opensles","value":"0"},
{"category":4,"name":"overlay-format","value":"842225234"},
{"category":4,"name":"framedrop","value":"1"},
{"category":4,"name":"soundtouch","value":"1"},
{"category":4,"name":"start-on-prepared","value":"1"},
{"category":1,"name":"http-detect-range-support","value":"0"},
{"category":1,"name":"fflags","value":"fastseek"},
{"category":2,"name":"skip_loop_filter","value":"48"},
{"category":4,"name":"reconnect","value":"1"},
{"category":4,"name":"enable-accurate-seek","value":"0"},
{"category":4,"name":"mediacodec","value":"1"},
{"category":4,"name":"mediacodec-auto-rotate","value":"1"},
{"category":4,"name":"mediacodec-handle-resolution-change","value":"1"},
{"category":4,"name":"mediacodec-hevc","value":"1"},
{"category":1,"name":"dns_cache_timeout","value":"600000000"}
]}
],

"ads":[
    "wan.51img1.com",
    "iqiyi.hbuioo.com",
    "vip.ffzyad.com",
    "https://lf1-cdn-tos.bytegoofy.com/obj/tos-cn-i-dy/455ccf9e8ae744378118e4bd289288dd",
    "mimg.0c1q0l.cn",
    "www.googletagmanager.com",
    "www.google-analytics.com",
    "wan.51img1.com",
    "mc.usihnbcq.cn",
    "mg.g1mm3d.cn",
    "mscs.svaeuzh.cn",
    "cnzz.hhttm.top",
    "tp.vinuxhome.com",
    "cnzz.mmstat.com",
    "www.baihuillq.com",
    "s23.cnzz.com",
    "z3.cnzz.com",
    "c.cnzz.com",
    "stj.v1vo.top",
    "z12.cnzz.com",
    "img.mosflower.cn",
    "tips.gamevvip.com",
    "ehwe.yhdtns.com",
    "xdn.cqqc3.com",
    "www.jixunkyy.cn",
    "sp.chemacid.cn",
    "hm.baidu.com",
    "s9.cnzz.com",
    "z6.cnzz.com",
    "um.cavuc.com",
    "mav.mavuz.com",
    "wofwk.aoidf3.com",
    "z5.cnzz.com",
    "xc.hubeijieshikj.cn",
    "tj.tianwenhu.com",
    "xg.gars57.cn",
    "k.jinxiuzhilv.com",
    "cdn.bootcss.com",
    "ppl.xunzhuo123.com",
    "xomk.jiangjunmh.top",
    "img.xunzhuo123.com",
    "z1.cnzz.com",
    "s13.cnzz.com",
    "xg.huataisangao.cn",
    "z7.cnzz.com",
    "xg.huataisangao.cn",
    "z2.cnzz.com",
    "s96.cnzz.com",
    "q11.cnzz.com",
    "thy.dacedsfa.cn",
    "xg.whsbpw.cn",
    "s19.cnzz.com",
    "z8.cnzz.com",
    "s4.cnzz.com",
    "f5w.as12df.top",
    "ae01.alicdn.com",
    "www.92424.cn",
    "k.wudejia.com",
    "vivovip.mmszxc.top",
    "qiu.xixiqiu.com",
    "cdnjs.hnfenxun.com",
    "cms.qdwght.com"
    ],

//JAR
"spider":"./jar/panda230305.jar;md5;c7a548f950e99c50a3465918f2aab475",

//壁纸
"wallpaper":"http://我不是.肥猫.love:63/pic/feimao.php",

//直播同步肥猫的
"lives":[{"group":"redirect","channels":[{"name":"live","urls":["proxy://do=live&type=txt&ext=aHR0cDovL3huLS1paHF1MTBjbjRjLnhuLS16N3g5MDBhLmxvdmU6NjMvVFYvdHZ6Yi50eHQ="]}]}]

}