{
"Alist":{
"小兵":"https://6vv.app",
"歐逼":"https://alistcn.repl.co",
"小雅":"http://alist.xiaoya.pro",
"杜比":"https://dubi.tk",
"帥鵬":"https://hi.shuaipeng.wang",
"星夢":"https://pan.bashroot.top",
"晴園":"https://alist.52qy.repl.co",
"梓澪":"https://zi0.cc",
"秋雨":"https://share.laowang.me",
"米奇":"https://anime.mqmmw.ga",
"觸光":"https://pan.ichuguang.com",
"一只魚":"https://alist.youte.ml",
"七米藍":"https://al.chirmyram.com",
"浩瀚吧":"https://8023.haohanba.cn",
"雲播放":"https://quanzi.laoxianghuijia.cn",
"姬路白雪":"https://pan.jlbx.xyz",
"神族九帝":"https://alist.shenzjd.com",
"資源小站":"https://960303.xyz",
"Disk":"http://124.222.140.243:8080",
"9T":"https://drive.9t.ee",
"木偶":"https://www.kugutsu.ml"
},
    "QiQi":[ 
        {
          "jx":"https://parse.ikunfk.cc/parse/sign/74e860ee6889f03cae108d6c228aa725?url=",
          "jxfrom":"other",
          "gs":"data,url",
          "erro":""
          },
        {
          "jx":"https://json.xn--9kq078cdn3a.cc/api/?key=22ea7ae4746073f5ea13e9079c024c7d&url=",
          "jxfrom":"other",
          "gs":"data,url",
          "erro":""
          },
        {
          "jx":"http://91fanli.top/m3u8/?url=",
          "jxfrom":"other",
          "gs":"data,url",
          "erro":""
          },
        {
          "jx":"http://lanlan.ckflv.cn/?url=",
          "gs":"data,url",
          "jxfrom":"QiQi",
          "erro":"解析失败"
          }
    ],
    "YSDQ": {
        "thlimit": 5, 
        "searchList":"qq,ik,bw,ld,bb,ps,ys,zzy,xzt",
        "speedLimit":"1K",
        "disableIPV6":"yes",
        "ocrurl": "https://api.nn.ci/ocr/b64/text", 
        "T4api": [
          {
            "name":"tuji-2015", 
            "api":"http://42.192.248.11:8080/vod?sites=all&ali_token=http://home.jundie.top:666/token.txt"
            }, 
            {
              "name":"饭太硬", 
              "api":"https://t4.饭太硬.ml/vod"      
            }
        ]
    },
    "Zhaozy": {
        "username": "Unbaked4136", 
        "password": "4hzxQkB9yxX5EP"
    },
    "Bili": {
        "cookie": "https://raw.iqiq.io/FongMi/CatVodSpider/main/txt/cookie.txt", 
        "category": "纪录片,纪录片超清|健身,健身超清|舞蹈,舞蹈超清|音乐,音乐超清|MV,MV4K|演唱会,演唱会4K|白噪音,白噪音4K|风景,风景4K|美食,美食超清|动物世界,动物世界超清|戏曲,戏曲超清|小姐姐,小姐姐4K|相声,相声小品超清"
    },
"Ali":{
"token":"http://ali.饭太硬.ml/tok"
},
"Zhibo":[
{"pf":"douyu","id":"183","name":"斗鱼-原创IP"},
{"pf":"douyu","id":"208","name":"斗鱼-一起看"},
{"pf":"douyu","id":"270","name":"斗鱼-热门游戏"},
{"pf":"douyu","id":"26","name":"斗鱼-怀旧游戏"},
{"pf":"douyu","id":"19","name":"斗鱼-主机游戏"},
{"pf":"douyu","id":"113","name":"斗鱼-棋牌娱乐"},
{"pf":"douyu","id":"311","name":"斗鱼-颜值"},
{"pf":"douyu","id":"175","name":"斗鱼-音乐"},
{"pf":"douyu","id":"124","name":"斗鱼-户外"},
{"pf":"douyu","id":"194","name":"斗鱼-美食"},
{"pf":"douyu","id":"1008","name":"斗鱼-舞蹈"},
{"pf":"douyu","id":"1097","name":"斗鱼-趣生活"},
{"pf":"douyu","id":"1555","name":"斗鱼-互动交友"},
{"pf":"douyu","id":"174","name":"斗鱼-二次元"},
{"pf":"douyu","id":"1","name":"斗鱼-英雄联盟"},
{"pf":"douyu","id":"33","name":"斗鱼-穿越火线"},
{"pf":"douyu","id":"5","name":"斗鱼-魔兽世界"},
{"pf":"douyu","id":"65","name":"斗鱼-剑网3"},
{"pf":"douyu","id":"203","name":"斗鱼-热门网游"},
{"pf":"douyu","id":"255","name":"斗鱼-军事游戏"},
{"pf":"douyu","id":"469","name":"斗鱼-刺客信条"},
{"pf":"douyu","id":"760","name":"斗鱼-恐怖游戏"},
{"pf":"douyu","id":"30","name":"斗鱼-热门手游"},
{"pf":"douyu","id":"229","name":"斗鱼-新游中心"},
{"pf":"douyu","id":"543","name":"斗鱼-中国象棋"},
{"pf":"douyu","id":"472","name":"斗鱼-使命召唤"},
{"pf":"douyu","id":"148","name":"斗鱼-守望先锋归来"},
{"pf":"douyu","id":"3","name":"斗鱼-DOTA2"},
{"pf":"huya","id":"6861","name":"虎牙-原创"},
{"pf":"huya","id":"2135","name":"虎牙-一起看"},
{"pf":"huya","id":"100023","name":"虎牙-网游竞技"},
{"pf":"huya","id":"100002","name":"虎牙-单机热游"},
{"pf":"huya","id":"100004","name":"虎牙-手游休闲"},
{"pf":"huya","id":"100125","name":"虎牙-怀旧游戏"},
{"pf":"huya","id":"100032","name":"虎牙-主机游戏"},
{"pf":"huya","id":"100036","name":"虎牙-棋牌桌游"},
{"pf":"huya","id":"100029","name":"虎牙-综合手游"},
{"pf":"huya","id":"100052","name":"虎牙-新游广场"},
{"pf":"huya","id":"100022","name":"虎牙-娱乐天地"},
{"pf":"huya","id":"2168","name":"虎牙-颜值"},
{"pf":"huya","id":"3793","name":"虎牙-音乐"},
{"pf":"huya","id":"2165","name":"虎牙-户外"},
{"pf":"huya","id":"2752","name":"虎牙-美食"},
{"pf":"huya","id":"100044","name":"虎牙-吃喝玩乐"},
{"pf":"huya","id":"4089","name":"虎牙-虎牙文化"},
{"pf":"huya","id":"2408","name":"虎牙-科技"},
{"pf":"huya","id":"2633","name":"虎牙-二次元"},
{"pf":"huya","id":"6245","name":"虎牙-放映厅"},
{"pf":"huya","id":"5883","name":"虎牙-趣分享"},
{"pf":"huya","id":"2168","name":"虎牙-颜值"},
{"pf":"huya","id":"3793","name":"虎牙-音乐"},
{"pf":"huya","id":"2165","name":"虎牙-户外"},
{"pf":"huya","id":"4079","name":"虎牙-交友"},
{"pf":"huya","id":"2356","name":"虎牙-体育"},
{"pf":"huya","id":"5907","name":"虎牙-互动点播"},
{"pf":"huya","id":"1663","name":"虎牙-星秀"},
{"pf":"bilibili","id":"2","name":"B站-网游直播"},
{"pf":"bilibili","id":"3","name":"B站-手游直播"},
{"pf":"bilibili","id":"6","name":"B站-单机直播"},
{"pf":"bilibili","id":"1","name":"B站-娱乐直播"},
{"pf":"bilibili","id":"5","name":"B站-电台直播"},
{"pf":"bilibili","id":"9","name":"B站-虚拟主播"},
{"pf":"bilibili","id":"10","name":"B站-生活直播"},
{"pf":"bilibili","id":"11","name":"B站-知识直播"},
{"pf":"bilibili","id":"13","name":"B站-赛事直播"},
{"pf":"bilibili","id":"300","name":"B站-购物直播"},
{"pf":"sport","id":"sport","name":"体育-全部"}
]
}
